required_skills,candidate_skills,degree,years_experience,overlap,fit,probability,missing_skills
"docker, excel, linux, r, rest, tensorflow","aws, airflow, etl, hadoop, typescript",2.0,0.9,0.0,0.0,0.237,"docker, excel, linux, r, rest, tensorflow"
"ci/cd, docker, flask, javascript, kubernetes, node.js, python, react","kubernetes, numpy, python, spark",2.0,1.9,2.0,1.0,0.467,"ci/cd, docker, flask, javascript, node.js, react"
"django, node.js, pytorch, react, sql, tensorflow","django, git, kubernetes, node.js, numpy, react, tableau",2.0,2.5,3.0,1.0,0.585,"pytorch, sql, tensorflow"
"docker, etl, flask, python, rest, tensorflow, typescript","aws, excel, hadoop, pytorch, r",1.0,2.7,0.0,0.0,0.231,"docker, etl, flask, python, rest, tensorflow, typescript"
"airflow, docker, kubernetes, pandas, r","docker, graphql, pytorch, rest, sql",1.0,4.9,1.0,1.0,0.397,"airflow, kubernetes, pandas, r"
"etl, flask, gcp, git, java, javascript, scikit-learn","flask, kubernetes, rest, scikit-learn",3.0,2.5,2.0,1.0,0.485,"etl, gcp, git, java, javascript"
"django, etl, hadoop, javascript, sql, spark","aws, airflow, docker, flask, gcp, hadoop, linux, python",1.0,3.2,1.0,1.0,0.346,"django, etl, javascript, sql, spark"
"excel, kubernetes, linux, pytorch, rest, typescript","aws, django, docker, git, graphql, pandas, pytorch, react, sql, scikit-learn",1.0,3.8,1.0,0.0,0.364,"excel, kubernetes, linux, rest, typescript"
"airflow, etl, gcp, node.js, python","aws, airflow, r, spark, tensorflow, typescript",2.0,2.7,1.0,1.0,0.391,"etl, gcp, node.js, python"
"airflow, excel, git, node.js, python, tensorflow","aws, airflow, docker, java, kubernetes, linux, numpy, power bi, sql",1.0,2.4,1.0,0.0,0.322,"excel, git, node.js, python, tensorflow"
"docker, linux, pandas, r, tableau","django, docker, etl, excel, gcp, git, python, rest, tableau",1.0,4.5,2.0,0.0,0.485,"linux, pandas, r"
"linux, node.js, pytorch, r, scikit-learn, tableau","docker, hadoop, kubernetes, linux, pandas",2.0,0.0,1.0,0.0,0.31,"node.js, pytorch, r, scikit-learn, tableau"
"docker, flask, graphql, hadoop, kubernetes, numpy, pytorch, spark","django, gcp, hadoop, pandas",2.0,7.6,1.0,1.0,0.538,"docker, flask, graphql, kubernetes, numpy, pytorch, spark"
"azure, flask, linux, numpy, power bi, python, tensorflow","django, flask, git, pandas, r, rest, tensorflow",1.0,5.4,2.0,0.0,0.512,"azure, linux, numpy, power bi, python"
"etl, excel, git, javascript, kubernetes, power bi, rest","ci/cd, django, git, hadoop, r, rest, spark, tableau, tensorflow, typescript",1.0,5.1,2.0,0.0,0.503,"etl, excel, javascript, kubernetes, power bi"
"azure, docker, etl, javascript, pytorch, sql, tensorflow","etl, excel, flask, graphql, javascript, linux, pytorch, react, tableau",1.0,5.8,3.0,0.0,0.624,"azure, docker, sql, tensorflow"
"aws, azure, docker, graphql, java, kubernetes","etl, graphql, numpy, pandas, python, spark",2.0,1.0,1.0,0.0,0.34,"aws, azure, docker, java, kubernetes"
"etl, graphql, java, numpy, typescript","etl, hadoop, linux, pytorch, rest, sql, scikit-learn, typescript",1.0,4.9,2.0,0.0,0.497,"graphql, java, numpy"
"aws, etl, gcp, kubernetes, tableau","aws, airflow, django, excel, git, pytorch, rest, spark",1.0,2.4,1.0,0.0,0.322,"etl, gcp, kubernetes, tableau"
"ci/cd, flask, graphql, hadoop, javascript, kubernetes, linux, sql","hadoop, react, spark, tableau",1.0,4.4,1.0,0.0,0.382,"ci/cd, flask, graphql, javascript, kubernetes, linux, sql"
"docker, javascript, tableau, tensorflow, typescript","django, git, hadoop, numpy, pandas, power bi, sql, spark",1.0,3.7,0.0,0.0,0.261,"docker, javascript, tableau, tensorflow, typescript"
"etl, hadoop, kubernetes, linux, node.js, numpy","aws, azure, git, linux, node.js, power bi, pytorch, r, react",1.0,4.3,2.0,0.0,0.479,"etl, hadoop, kubernetes, numpy"
"aws, azure, docker, etl, git, graphql, numpy, typescript","flask, java, linux, power bi, pytorch, react, spark",1.0,0.6,0.0,0.0,0.168,"aws, azure, docker, etl, git, graphql, numpy, typescript"
"docker, gcp, linux, power bi, tensorflow","excel, gcp, graphql, hadoop, java, linux, pandas, rest, tableau, typescript",2.0,3.7,2.0,0.0,0.521,"docker, power bi, tensorflow"
"airflow, ci/cd, flask, linux, python, tableau, typescript","aws, django, flask, java, kubernetes, power bi, pytorch, sql",1.0,5.3,1.0,0.0,0.409,"airflow, ci/cd, linux, python, tableau, typescript"
"airflow, java, numpy, r, rest, scikit-learn, tensorflow","airflow, docker, etl, rest, react, tableau, typescript",1.0,4.8,2.0,1.0,0.494,"java, numpy, r, scikit-learn, tensorflow"
"django, etl, git, hadoop, linux, react, spark","ci/cd, java, javascript, node.js",1.0,6.0,0.0,1.0,0.33,"django, etl, git, hadoop, linux, react, spark"
"aws, excel, flask, javascript, tensorflow","airflow, ci/cd, django, flask, graphql, node.js, numpy, rest, sql",1.0,4.0,1.0,0.0,0.37,"aws, excel, javascript, tensorflow"
"aws, airflow, etl, excel, gcp, react, spark, tableau","airflow, azure, django, etl, flask, gcp, hadoop, javascript, node.js, sql",1.0,6.2,3.0,1.0,0.636,"aws, excel, react, spark, tableau"
"aws, git, java, node.js, numpy, pandas, r","azure, graphql, java, typescript",2.0,3.6,1.0,0.0,0.418,"aws, git, node.js, numpy, pandas, r"
"airflow, excel, numpy, power bi, rest","aws, ci/cd, git, linux, r, rest, sql",1.0,2.8,1.0,1.0,0.334,"airflow, excel, numpy, power bi"
"azure, etl, flask, python, scikit-learn, spark, tableau, tensorflow","aws, airflow, ci/cd, git, hadoop, java, power bi",2.0,2.6,0.0,0.0,0.288,"azure, etl, flask, python, scikit-learn, spark, tableau, tensorflow"
"airflow, docker, excel, hadoop, sql","airflow, excel, gcp, linux, react, sql",1.0,2.0,3.0,0.0,0.51,"docker, hadoop"
"gcp, git, hadoop, node.js, numpy, pandas, power bi, tableau","gcp, javascript, kubernetes, python, rest, scikit-learn, spark",2.0,2.8,1.0,1.0,0.394,"git, hadoop, node.js, numpy, pandas, power bi, tableau"
"gcp, graphql, numpy, power bi, r, spark, tensorflow","aws, azure, ci/cd, etl, excel, javascript, pandas, pytorch, scikit-learn, spark",1.0,3.4,1.0,0.0,0.352,"gcp, graphql, numpy, power bi, r, tensorflow"
"azure, graphql, javascript, node.js, sql","aws, etl, graphql, r, tensorflow",1.0,5.0,1.0,1.0,0.4,"azure, javascript, node.js, sql"
"ci/cd, excel, java, javascript, linux, pandas, r","azure, gcp, numpy, rest, react, typescript",1.0,7.3,0.0,1.0,0.369,"ci/cd, excel, java, javascript, linux, pandas, r"
"hadoop, node.js, pytorch, sql, tensorflow","ci/cd, django, docker, graphql, pytorch, react",1.0,6.9,1.0,1.0,0.457,"hadoop, node.js, sql, tensorflow"
"django, git, graphql, linux, node.js","git, hadoop, linux, tableau",1.0,2.9,2.0,1.0,0.437,"django, graphql, node.js"
"gcp, git, graphql, java, javascript, kubernetes, r, scikit-learn","airflow, azure, flask, git, graphql, linux, pandas, spark, tensorflow",1.0,4.8,2.0,1.0,0.494,"gcp, java, javascript, kubernetes, r, scikit-learn"
"aws, airflow, ci/cd, javascript, spark","airflow, docker, javascript, pandas, r, rest",2.0,6.7,2.0,1.0,0.611,"aws, ci/cd, spark"
"aws, etl, javascript, pandas, typescript","graphql, rest, react, scikit-learn, tableau",1.0,3.1,0.0,0.0,0.243,"aws, etl, javascript, pandas, typescript"
"aws, git, python, r, sql, scikit-learn, tableau","excel, flask, git, kubernetes, r",2.0,0.6,2.0,0.0,0.428,"aws, python, sql, scikit-learn, tableau"
"excel, graphql, node.js, pandas, pytorch, tensorflow","etl, excel, gcp, git, hadoop, javascript, python, rest, sql",1.0,1.8,1.0,1.0,0.304,"graphql, node.js, pandas, pytorch, tensorflow"
"git, java, react, spark, typescript","flask, gcp, javascript, linux, node.js, pytorch, react, spark",3.0,1.9,2.0,1.0,0.467,"git, java, typescript"
"airflow, flask, graphql, java, node.js, pytorch, r","ci/cd, django, hadoop, java, pandas, react",2.0,4.0,1.0,1.0,0.43,"airflow, flask, graphql, node.js, pytorch, r"
"docker, gcp, graphql, java, power bi, rest, scikit-learn","excel, git, tableau, typescript",3.0,2.7,0.0,0.0,0.291,"docker, gcp, graphql, java, power bi, rest, scikit-learn"
"azure, ci/cd, django, excel, git, sql","azure, ci/cd, excel, graphql, javascript, sql",1.0,6.3,4.0,1.0,0.739,"django, git"
"aws, gcp, numpy, pandas, react","azure, etl, excel, power bi, scikit-learn, spark, tensorflow",1.0,1.7,0.0,0.0,0.201,"aws, gcp, numpy, pandas, react"
"aws, azure, ci/cd, etl, kubernetes, rest, tensorflow, typescript","azure, django, node.js, react, tableau",1.0,4.9,1.0,0.0,0.397,"aws, ci/cd, etl, kubernetes, rest, tensorflow, typescript"
"ci/cd, etl, graphql, r, rest","airflow, ci/cd, flask, gcp, node.js, tableau",1.0,4.4,1.0,0.0,0.382,"etl, graphql, r, rest"
"docker, git, linux, power bi, python, scikit-learn","aws, graphql, hadoop, kubernetes, power bi, rest, sql, spark, tableau",1.0,0.8,1.0,1.0,0.274,"docker, git, linux, python, scikit-learn"
"graphql, numpy, python, react, scikit-learn","azure, docker, excel, r, sql, scikit-learn",2.0,6.4,1.0,1.0,0.502,"graphql, numpy, python, react"
"azure, docker, javascript, kubernetes, pandas, pytorch, sql, tensorflow","aws, etl, hadoop, node.js, r",1.0,3.6,0.0,0.0,0.258,"azure, docker, javascript, kubernetes, pandas, pytorch, sql, tensorflow"
"aws, airflow, ci/cd, excel, git, numpy","graphql, r, spark, typescript",1.0,6.1,0.0,1.0,0.333,"aws, airflow, ci/cd, excel, git, numpy"
"aws, git, graphql, linux, node.js, python, r","ci/cd, docker, flask, hadoop, java, power bi, pytorch, rest, sql, spark",1.0,5.5,0.0,0.0,0.315,"aws, git, graphql, linux, node.js, python, r"
"gcp, javascript, linux, python, r, scikit-learn, spark","git, kubernetes, node.js, numpy, react",3.0,2.8,0.0,0.0,0.294,"gcp, javascript, linux, python, r, scikit-learn, spark"
"airflow, ci/cd, hadoop, kubernetes, linux, power bi, tableau, tensorflow","django, docker, gcp, git, hadoop, javascript, numpy, pandas, python, spark",1.0,5.9,1.0,0.0,0.427,"airflow, ci/cd, kubernetes, linux, power bi, tableau, tensorflow"
"aws, gcp, graphql, kubernetes, linux, numpy","git, javascript, power bi, python, rest, sql, tensorflow",2.0,1.1,0.0,0.0,0.243,"aws, gcp, graphql, kubernetes, linux, numpy"
"docker, etl, java, node.js, pandas","azure, hadoop, kubernetes, r",2.0,5.9,0.0,0.0,0.387,"docker, etl, java, node.js, pandas"
"airflow, flask, hadoop, python, tableau","airflow, docker, gcp, javascript, kubernetes, numpy, pandas, python, react",1.0,5.0,2.0,1.0,0.5,"flask, hadoop, tableau"
"docker, flask, hadoop, linux, node.js, r","aws, azure, ci/cd, docker, gcp, hadoop, python, rest",1.0,4.3,2.0,0.0,0.479,"flask, linux, node.js, r"
"aws, flask, power bi, python, rest, sql","graphql, javascript, pytorch, r, spark",3.0,3.3,0.0,1.0,0.309,"aws, flask, power bi, python, rest, sql"
"azure, docker, hadoop, pandas, python, spark, tableau, typescript","azure, docker, flask, java, numpy, power bi, python, tableau, tensorflow",1.0,7.2,4.0,1.0,0.766,"hadoop, pandas, spark, typescript"
"etl, kubernetes, linux, pandas, typescript","excel, hadoop, node.js, rest, scikit-learn, spark, tableau",1.0,3.3,0.0,0.0,0.249,"etl, kubernetes, linux, pandas, typescript"
"ci/cd, flask, git, graphql, spark","azure, ci/cd, kubernetes, node.js, power bi, pytorch, python, typescript",2.0,2.1,1.0,0.0,0.373,"flask, git, graphql, spark"
"ci/cd, docker, git, linux, react, scikit-learn","ci/cd, etl, excel, gcp, javascript, linux, sql, scikit-learn, tableau",0.0,2.3,3.0,0.0,0.519,"docker, git, react"
"django, etl, flask, java, spark","aws, docker, git, kubernetes, r",2.0,1.8,0.0,0.0,0.264,"django, etl, flask, java, spark"
"airflow, ci/cd, docker, kubernetes, linux, pandas, typescript","ci/cd, git, java, kubernetes, python, tableau",1.0,0.5,2.0,0.0,0.365,"airflow, docker, linux, pandas, typescript"
"git, javascript, pytorch, python, scikit-learn","azure, graphql, numpy, spark",1.0,2.7,0.0,0.0,0.231,"git, javascript, pytorch, python, scikit-learn"
"airflow, etl, kubernetes, numpy, power bi, pytorch, sql, tableau","aws, airflow, django, docker, excel, flask, linux, node.js, scikit-learn",3.0,2.6,1.0,0.0,0.388,"etl, kubernetes, numpy, power bi, pytorch, sql, tableau"
"django, git, graphql, linux, r, tensorflow","aws, django, hadoop, java, node.js, numpy, sql, spark, typescript",2.0,4.1,1.0,0.0,0.433,"git, graphql, linux, r, tensorflow"
"aws, java, power bi, react, sql, tensorflow","etl, flask, git, java, javascript, pandas, pytorch, python, scikit-learn, typescript",2.0,0.0,1.0,0.0,0.31,"aws, power bi, react, sql, tensorflow"
"aws, azure, java, kubernetes, node.js, power bi, typescript","airflow, azure, gcp, graphql, javascript, kubernetes, linux, r, scikit-learn, typescript",3.0,5.3,3.0,1.0,0.669,"aws, java, node.js, power bi"
"aws, azure, ci/cd, java, javascript, power bi, rest","aws, etl, excel, gcp, git, java, javascript, pandas, power bi, python",2.0,6.8,4.0,1.0,0.814,"azure, ci/cd, rest"
"linux, pandas, python, rest, react, sql, typescript","aws, javascript, node.js, power bi, python",1.0,3.7,1.0,0.0,0.361,"linux, pandas, rest, react, sql, typescript"
"etl, hadoop, node.js, pytorch, rest","aws, airflow, gcp, linux, node.js, rest",1.0,1.2,2.0,1.0,0.386,"etl, hadoop, pytorch"
"django, docker, etl, excel, git, java, numpy, power bi","ci/cd, git, hadoop, javascript, node.js, pandas, rest, spark, typescript",1.0,5.2,1.0,0.0,0.406,"django, docker, etl, excel, java, numpy, power bi"
"ci/cd, flask, javascript, kubernetes, r, rest, spark","git, javascript, sql, spark, tableau",1.0,2.1,2.0,1.0,0.413,"ci/cd, flask, kubernetes, r, rest"
"airflow, git, graphql, linux, node.js, pandas, scikit-learn","aws, django, java, javascript, r, react",2.0,6.4,0.0,0.0,0.402,"airflow, git, graphql, linux, node.js, pandas, scikit-learn"
"django, etl, hadoop, node.js, power bi, r, typescript","azure, ci/cd, gcp, hadoop, kubernetes, node.js, pandas, react",2.0,1.7,2.0,1.0,0.461,"django, etl, power bi, r, typescript"
"gcp, javascript, python, rest, typescript","airflow, ci/cd, flask, java, numpy, sql, tableau, tensorflow",1.0,3.7,0.0,0.0,0.261,"gcp, javascript, python, rest, typescript"
"etl, hadoop, pytorch, r, sql, scikit-learn, tableau, typescript","git, graphql, node.js, react",1.0,1.9,0.0,0.0,0.207,"etl, hadoop, pytorch, r, sql, scikit-learn, tableau, typescript"
"azure, django, python, tableau, tensorflow","django, hadoop, javascript, spark",1.0,4.4,1.0,1.0,0.382,"azure, python, tableau, tensorflow"
"etl, gcp, hadoop, java, sql","docker, kubernetes, linux, python",1.0,1.3,0.0,0.0,0.189,"etl, gcp, hadoop, java, sql"
"aws, airflow, excel, graphql, power bi, react","airflow, ci/cd, etl, numpy, python, r",1.0,1.4,1.0,1.0,0.292,"aws, excel, graphql, power bi, react"
"etl, kubernetes, python, rest, typescript","docker, hadoop, node.js, python, rest, tensorflow",2.0,3.5,2.0,0.0,0.515,"etl, kubernetes, typescript"
"aws, airflow, gcp, pandas, pytorch, python, react","ci/cd, excel, kubernetes, pytorch, rest, sql, scikit-learn",1.0,1.8,1.0,1.0,0.304,"aws, airflow, gcp, pandas, python, react"
"hadoop, linux, rest, react, sql","docker, gcp, numpy, sql, tableau",1.0,4.8,1.0,0.0,0.394,"hadoop, linux, rest, react"
"aws, flask, gcp, graphql, hadoop, linux, scikit-learn","docker, flask, kubernetes, node.js, python, r, spark",1.0,5.1,1.0,0.0,0.403,"aws, gcp, graphql, hadoop, linux, scikit-learn"
"django, excel, java, linux, numpy, react, typescript","flask, gcp, git, numpy, power bi, pytorch, rest",1.0,5.2,1.0,0.0,0.406,"django, excel, java, linux, react, typescript"
"azure, django, javascript, pandas, python, r, scikit-learn, tensorflow","django, flask, git, kubernetes, pytorch, r, typescript",1.0,5.0,2.0,1.0,0.5,"azure, javascript, pandas, python, scikit-learn, tensorflow"
"docker, etl, flask, git, javascript, numpy, react","docker, etl, node.js, pytorch, typescript",3.0,3.2,2.0,0.0,0.506,"flask, git, javascript, numpy, react"
"gcp, javascript, kubernetes, pandas, rest, react","airflow, django, gcp, node.js, power bi, python, rest",3.0,4.0,2.0,0.0,0.53,"javascript, kubernetes, pandas, react"
"docker, gcp, node.js, react, spark, typescript","excel, flask, java, linux, power bi",1.0,0.1,0.0,1.0,0.153,"docker, gcp, node.js, react, spark, typescript"
"ci/cd, linux, pandas, power bi, react, typescript","aws, airflow, gcp, git, javascript, kubernetes, numpy, python, r, spark",1.0,7.8,0.0,1.0,0.384,"ci/cd, linux, pandas, power bi, react, typescript"
"django, etl, hadoop, javascript, numpy, tableau","aws, airflow, ci/cd, excel, flask, kubernetes, node.js, numpy, pandas, sql",1.0,2.7,1.0,1.0,0.331,"django, etl, hadoop, javascript, tableau"
"etl, flask, git, python, r, sql","docker, etl, hadoop, javascript, tableau",1.0,5.9,1.0,0.0,0.427,"flask, git, python, r, sql"
"airflow, docker, excel, git, node.js, python, react, tableau","azure, django, etl, java, numpy, pandas, r, rest, sql, typescript",1.0,2.6,0.0,0.0,0.228,"airflow, docker, excel, git, node.js, python, react, tableau"
"azure, pandas, rest, react, typescript","excel, gcp, graphql, power bi, react, spark, tensorflow",2.0,4.0,1.0,0.0,0.43,"azure, pandas, rest, typescript"
"aws, ci/cd, excel, gcp, java, kubernetes, r, sql","gcp, r, react, typescript",1.0,1.9,2.0,1.0,0.407,"aws, ci/cd, excel, java, kubernetes, sql"
"javascript, linux, numpy, r, spark, tensorflow","graphql, pytorch, spark, tableau",2.0,3.2,1.0,0.0,0.406,"javascript, linux, numpy, r, tensorflow"
"aws, ci/cd, etl, git, java, linux","aws, flask, graphql, hadoop, node.js, power bi, pytorch, react, sql, typescript",1.0,2.4,1.0,1.0,0.322,"ci/cd, etl, git, java, linux"
"ci/cd, gcp, git, power bi, python, scikit-learn, spark, tableau","hadoop, node.js, numpy, react, sql, tensorflow",1.0,3.7,0.0,1.0,0.261,"ci/cd, gcp, git, power bi, python, scikit-learn, spark, tableau"
"azure, ci/cd, javascript, numpy, power bi, pytorch, tensorflow, typescript","django, docker, javascript, kubernetes, r, sql",3.0,5.4,1.0,0.0,0.472,"azure, ci/cd, numpy, power bi, pytorch, tensorflow, typescript"
"django, git, javascript, numpy, power bi, python, react","ci/cd, kubernetes, python, r, rest, sql, spark, tensorflow",2.0,2.8,1.0,0.0,0.394,"django, git, javascript, numpy, power bi, react"
"git, java, numpy, sql, typescript","flask, hadoop, java, linux, numpy, scikit-learn, tableau",1.0,4.7,2.0,0.0,0.491,"git, sql, typescript"
"hadoop, java, numpy, power bi, python, spark, typescript","airflow, docker, flask, javascript, pandas, pytorch, python, scikit-learn, tableau, tensorflow",1.0,4.5,1.0,1.0,0.385,"hadoop, java, numpy, power bi, spark, typescript"
"ci/cd, flask, kubernetes, scikit-learn, typescript","aws, airflow, flask, git, hadoop, node.js, pandas",2.0,4.0,1.0,1.0,0.43,"ci/cd, kubernetes, scikit-learn, typescript"
"etl, hadoop, r, spark, typescript","airflow, ci/cd, excel, flask, java, spark",2.0,2.5,1.0,1.0,0.385,"etl, hadoop, r, typescript"
"excel, flask, git, hadoop, javascript, numpy, power bi","ci/cd, python, scikit-learn, tensorflow",3.0,0.2,0.0,1.0,0.216,"excel, flask, git, hadoop, javascript, numpy, power bi"
"airflow, gcp, kubernetes, numpy, power bi, python, rest, sql","azure, django, graphql, python, tableau, tensorflow",1.0,8.6,1.0,1.0,0.508,"airflow, gcp, kubernetes, numpy, power bi, rest, sql"
"aws, azure, ci/cd, graphql, kubernetes, python, r, sql","ci/cd, django, docker, gcp, git, java, javascript, pandas, pytorch, spark",1.0,4.0,1.0,1.0,0.37,"aws, azure, graphql, kubernetes, python, r, sql"
"azure, excel, flask, graphql, hadoop, kubernetes, node.js, pandas","etl, flask, hadoop, javascript, react, sql, tableau, typescript",3.0,5.2,2.0,0.0,0.566,"azure, excel, graphql, kubernetes, node.js, pandas"
"aws, gcp, hadoop, linux, scikit-learn","aws, flask, linux, python",2.0,2.8,2.0,0.0,0.494,"gcp, hadoop, scikit-learn"
"gcp, git, graphql, javascript, kubernetes, numpy, react, typescript","aws, ci/cd, hadoop, linux, numpy, pytorch, spark, tableau",2.0,2.5,1.0,1.0,0.385,"gcp, git, graphql, javascript, kubernetes, react, typescript"
"ci/cd, etl, excel, kubernetes, python, r, rest, tensorflow","aws, excel, graphql, hadoop, linux, pandas, react, scikit-learn",1.0,4.6,1.0,1.0,0.388,"ci/cd, etl, kubernetes, python, r, rest, tensorflow"
"aws, airflow, excel, java, javascript, linux, rest","aws, etl, graphql, javascript, node.js, pandas, sql, spark, tensorflow",2.0,2.7,2.0,0.0,0.491,"airflow, excel, java, linux, rest"
"ci/cd, django, etl, excel, gcp, scikit-learn, tableau","excel, gcp, hadoop, java, javascript, pandas",1.0,5.4,2.0,0.0,0.512,"ci/cd, django, etl, scikit-learn, tableau"
"django, etl, flask, graphql, node.js, power bi, pytorch, r","airflow, git, kubernetes, pandas, power bi, pytorch, rest, sql, scikit-learn, spark",2.0,3.3,2.0,0.0,0.509,"django, etl, flask, graphql, node.js, r"
"aws, docker, excel, flask, git, linux, rest, scikit-learn","azure, git, graphql, java, javascript, power bi, r, react, tableau, tensorflow",1.0,2.3,1.0,0.0,0.319,"aws, docker, excel, flask, linux, rest, scikit-learn"
"airflow, azure, django, git, node.js, sql, scikit-learn","ci/cd, django, etl, gcp, javascript, node.js, power bi, react, spark",2.0,8.3,2.0,0.0,0.659,"airflow, azure, git, sql, scikit-learn"
"aws, etl, kubernetes, r, typescript","gcp, linux, r, rest, sql, tableau",1.0,5.8,1.0,1.0,0.424,"aws, etl, kubernetes, typescript"
"docker, flask, git, numpy, power bi, sql, tensorflow","ci/cd, docker, pytorch, python, r, sql",1.0,1.8,2.0,0.0,0.404,"flask, git, numpy, power bi, tensorflow"
"airflow, etl, excel, gcp, javascript, react","pandas, python, r, react, tensorflow, typescript",2.0,1.7,1.0,1.0,0.361,"airflow, etl, excel, gcp, javascript"
"ci/cd, excel, flask, gcp, pytorch, tableau, tensorflow","gcp, linux, numpy, pytorch, sql",2.0,2.1,2.0,0.0,0.473,"ci/cd, excel, flask, tableau, tensorflow"
"git, linux, node.js, pytorch, sql, scikit-learn, tableau","ci/cd, excel, flask, gcp, java, node.js, numpy, pandas, pytorch",1.0,4.3,2.0,1.0,0.479,"git, linux, sql, scikit-learn, tableau"
"django, gcp, git, graphql, java, node.js, tableau, typescript","azure, django, excel, flask, hadoop, javascript, linux, spark, tableau, tensorflow",1.0,1.9,2.0,0.0,0.407,"gcp, git, graphql, java, node.js, typescript"
"django, excel, graphql, node.js, pandas, rest, scikit-learn","docker, gcp, node.js, pandas, power bi",2.0,3.7,2.0,0.0,0.521,"django, excel, graphql, rest, scikit-learn"
"airflow, azure, power bi, r, rest, sql, spark","hadoop, linux, tableau, tensorflow",1.0,3.2,0.0,1.0,0.246,"airflow, azure, power bi, r, rest, sql, spark"
"ci/cd, docker, gcp, git, hadoop, javascript, kubernetes, tableau","excel, numpy, power bi, pytorch, r",1.0,1.5,0.0,0.0,0.195,"ci/cd, docker, gcp, git, hadoop, javascript, kubernetes, tableau"
"airflow, kubernetes, linux, pandas, power bi, r, spark, typescript","aws, azure, etl, javascript, power bi, scikit-learn, typescript",1.0,3.3,2.0,0.0,0.449,"airflow, kubernetes, linux, pandas, r, spark"
"azure, ci/cd, hadoop, java, javascript, numpy, power bi, tensorflow","aws, hadoop, java, pandas, r, rest, react, scikit-learn, spark",1.0,2.4,2.0,0.0,0.422,"azure, ci/cd, javascript, numpy, power bi, tensorflow"
"airflow, ci/cd, graphql, hadoop, kubernetes, node.js, typescript","excel, git, graphql, javascript, linux, pytorch, rest, spark, typescript",3.0,5.0,2.0,1.0,0.56,"airflow, ci/cd, hadoop, kubernetes, node.js"
"ci/cd, docker, etl, hadoop, kubernetes, typescript","azure, flask, java, javascript, pandas, tensorflow, typescript",1.0,6.8,1.0,1.0,0.454,"ci/cd, docker, etl, hadoop, kubernetes"
"docker, graphql, java, kubernetes, sql, tableau","azure, docker, excel, graphql, kubernetes, linux, pytorch, r, spark, tensorflow",3.0,4.9,3.0,1.0,0.657,"java, sql, tableau"
"ci/cd, django, git, javascript, react, tensorflow","aws, azure, etl, graphql, linux, pytorch, rest, sql, spark",1.0,7.0,0.0,0.0,0.36,"ci/cd, django, git, javascript, react, tensorflow"
"airflow, etl, javascript, rest, sql","etl, git, node.js, python",1.0,4.1,1.0,0.0,0.373,"airflow, javascript, rest, sql"
"azure, excel, gcp, git, linux, node.js, power bi, pytorch","airflow, excel, gcp, git, linux, numpy, tableau, tensorflow",1.0,6.9,4.0,1.0,0.757,"azure, node.js, power bi, pytorch"
"flask, gcp, java, javascript, numpy, pandas, python, rest","gcp, git, linux, numpy, power bi, r, spark, typescript",3.0,2.2,2.0,1.0,0.476,"flask, java, javascript, pandas, python, rest"
"azure, power bi, python, scikit-learn, typescript","aws, docker, etl, flask, java, pandas, sql, tableau, tensorflow, typescript",1.0,7.1,1.0,0.0,0.463,"azure, power bi, python, scikit-learn"
"aws, flask, hadoop, pandas, pytorch, r, tableau","airflow, ci/cd, django, java, javascript, kubernetes, node.js, pytorch, spark, typescript",3.0,4.9,1.0,1.0,0.457,"aws, flask, hadoop, pandas, r, tableau"
"ci/cd, excel, flask, java, node.js, pandas, react, typescript","azure, django, docker, etl, flask, gcp, pytorch, react, sql",2.0,4.9,2.0,1.0,0.557,"ci/cd, excel, java, node.js, pandas, typescript"
"excel, java, numpy, power bi, react, scikit-learn, spark","excel, flask, gcp, git, rest, sql",2.0,3.0,1.0,1.0,0.4,"java, numpy, power bi, react, scikit-learn, spark"
"airflow, django, docker, hadoop, javascript, linux, numpy, power bi","javascript, linux, node.js, numpy, react, tensorflow",1.0,1.6,3.0,1.0,0.498,"airflow, django, docker, hadoop, power bi"
"django, docker, r, react, sql","aws, ci/cd, graphql, javascript, power bi, pytorch, sql",1.0,2.3,1.0,0.0,0.319,"django, docker, r, react"
"airflow, etl, gcp, r, tensorflow","airflow, excel, git, java, javascript, linux, react, spark",2.0,5.4,1.0,1.0,0.472,"etl, gcp, r, tensorflow"
"airflow, django, docker, gcp, git, hadoop, node.js, power bi","gcp, git, java, numpy, python, typescript",2.0,3.5,2.0,0.0,0.515,"airflow, django, docker, hadoop, node.js, power bi"
"azure, ci/cd, javascript, node.js, pandas, rest, tableau","azure, excel, node.js, numpy, pandas, power bi, pytorch, scikit-learn, spark",1.0,1.8,3.0,0.0,0.504,"ci/cd, javascript, rest, tableau"
"ci/cd, docker, etl, excel, power bi, python, spark, typescript","etl, excel, git, hadoop, kubernetes, pandas, python, tableau, typescript",2.0,2.3,4.0,0.0,0.679,"ci/cd, docker, power bi, spark"
"airflow, javascript, numpy, pandas, python","aws, airflow, flask, hadoop, java, javascript, numpy, react, sql, tensorflow",2.0,4.8,3.0,0.0,0.654,"pandas, python"
"azure, hadoop, numpy, scikit-learn, tensorflow","airflow, docker, excel, java, kubernetes, power bi",2.0,6.1,0.0,0.0,0.393,"azure, hadoop, numpy, scikit-learn, tensorflow"
"docker, git, kubernetes, node.js, python, tableau, typescript","ci/cd, docker, gcp, hadoop, kubernetes, linux, numpy, pandas, react, typescript",1.0,5.7,3.0,1.0,0.621,"git, node.js, python, tableau"
"aws, flask, numpy, sql, scikit-learn, spark","airflow, ci/cd, gcp, graphql, hadoop, python, spark, tableau, tensorflow",2.0,1.6,1.0,0.0,0.358,"aws, flask, numpy, sql, scikit-learn"
"aws, ci/cd, docker, etl, gcp, javascript, kubernetes, python","django, docker, graphql, tensorflow",2.0,1.8,1.0,0.0,0.364,"aws, ci/cd, etl, gcp, javascript, kubernetes, python"
"aws, excel, javascript, kubernetes, pytorch, rest, spark, tensorflow","etl, python, react, typescript",1.0,4.0,0.0,0.0,0.27,"aws, excel, javascript, kubernetes, pytorch, rest, spark, tensorflow"
"ci/cd, django, linux, pytorch, python, spark","airflow, excel, git, javascript, react, tableau, tensorflow",1.0,5.0,0.0,0.0,0.3,"ci/cd, django, linux, pytorch, python, spark"
"flask, gcp, pandas, pytorch, react, spark","aws, linux, pandas, power bi, sql",1.0,3.7,1.0,0.0,0.361,"flask, gcp, pytorch, react, spark"
"airflow, linux, react, tensorflow, typescript","django, etl, flask, gcp, java, python, tensorflow",3.0,0.3,1.0,0.0,0.319,"airflow, linux, react, typescript"
"airflow, hadoop, javascript, kubernetes, pytorch, scikit-learn, typescript","aws, airflow, azure, docker, git, linux, python, tableau, typescript",2.0,3.5,2.0,1.0,0.515,"hadoop, javascript, kubernetes, pytorch, scikit-learn"
"django, excel, graphql, pandas, tensorflow","aws, azure, java, pandas, python, rest",1.0,5.8,1.0,1.0,0.424,"django, excel, graphql, tensorflow"
"aws, django, docker, rest, scikit-learn, typescript","airflow, azure, flask, numpy, rest, sql, spark, tensorflow",3.0,1.4,1.0,0.0,0.352,"aws, django, docker, scikit-learn, typescript"
"aws, django, kubernetes, node.js, numpy","ci/cd, etl, java, javascript, python, sql",3.0,0.0,0.0,0.0,0.21,"aws, django, kubernetes, node.js, numpy"
"docker, gcp, graphql, pytorch, spark","airflow, django, graphql, node.js, numpy, pandas, python, r, tensorflow",1.0,4.5,1.0,0.0,0.385,"docker, gcp, pytorch, spark"
"airflow, azure, ci/cd, excel, gcp, kubernetes, node.js, python","aws, graphql, pytorch, rest, tableau",1.0,3.7,0.0,0.0,0.261,"airflow, azure, ci/cd, excel, gcp, kubernetes, node.js, python"
"aws, etl, excel, javascript, node.js, power bi, pytorch","aws, airflow, docker, gcp, javascript, pandas, sql",1.0,5.5,2.0,1.0,0.515,"etl, excel, node.js, power bi, pytorch"
"airflow, django, docker, git, javascript, power bi, spark","ci/cd, django, javascript, linux, numpy, pandas, power bi",1.0,7.5,3.0,1.0,0.675,"airflow, docker, git, spark"
"airflow, azure, docker, git, node.js, numpy, spark, tableau","git, graphql, hadoop, numpy, python, scikit-learn, tableau",2.0,1.9,3.0,1.0,0.567,"airflow, azure, docker, node.js, spark"
"excel, pytorch, rest, react, sql","docker, excel, flask, pandas, pytorch, sql",1.0,1.4,3.0,0.0,0.492,"rest, react"
"airflow, kubernetes, r, rest, sql, spark, typescript","airflow, ci/cd, graphql, java, python, typescript",1.0,3.5,2.0,1.0,0.455,"kubernetes, r, rest, sql, spark"
"docker, etl, gcp, node.js, power bi, rest, spark","django, docker, excel, flask, hadoop, python, tableau",3.0,2.6,1.0,1.0,0.388,"etl, gcp, node.js, power bi, rest, spark"
"django, etl, pandas, react, tensorflow","django, flask, git, graphql, javascript, numpy, spark, tensorflow",1.0,3.9,2.0,1.0,0.467,"etl, pandas, react"
"docker, flask, javascript, python, r, sql, spark, tensorflow","aws, docker, excel, flask, git, pandas, python, rest, react, scikit-learn",1.0,4.9,3.0,1.0,0.597,"javascript, r, sql, spark, tensorflow"
"etl, excel, flask, sql, scikit-learn, tableau, typescript","azure, docker, etl, gcp, java, pandas, python, rest, sql",1.0,5.4,2.0,1.0,0.512,"excel, flask, scikit-learn, tableau, typescript"
"docker, etl, linux, numpy, r","azure, etl, excel, git, graphql, java, kubernetes, power bi, sql, tableau",2.0,4.4,1.0,1.0,0.442,"docker, linux, numpy, r"
"aws, azure, graphql, linux, python","airflow, ci/cd, docker, excel, graphql, hadoop, kubernetes, node.js, pandas, pytorch",1.0,4.7,1.0,0.0,0.391,"aws, azure, linux, python"
"airflow, kubernetes, linux, pytorch, scikit-learn","aws, django, docker, git, java, kubernetes, linux, tensorflow",,2.8,2.0,1.0,0.494,"airflow, pytorch, scikit-learn"
"graphql, kubernetes, linux, pandas, rest","ci/cd, django, linux, node.js",1.0,5.7,1.0,1.0,0.421,"graphql, kubernetes, pandas, rest"
"ci/cd, django, docker, graphql, tableau","ci/cd, django, gcp, pandas, r, spark",1.0,3.6,2.0,0.0,0.458,"docker, graphql, tableau"
"azure, etl, graphql, javascript, linux, r, tensorflow, typescript","airflow, ci/cd, gcp, git, node.js, pytorch, python, react",1.0,5.1,0.0,0.0,0.303,"azure, etl, graphql, javascript, linux, r, tensorflow, typescript"
"ci/cd, javascript, linux, python, react, typescript","gcp, git, pytorch, rest",2.0,3.6,0.0,0.0,0.318,"ci/cd, javascript, linux, python, react, typescript"
"django, etl, javascript, pytorch, sql, spark, tableau","gcp, hadoop, java, numpy, power bi, r, rest",1.0,0.0,0.0,0.0,0.15,"django, etl, javascript, pytorch, sql, spark, tableau"
"airflow, docker, linux, pandas, react, scikit-learn, typescript","aws, azure, etl, flask, git, r, rest, sql, scikit-learn, typescript",1.0,4.3,2.0,0.0,0.479,"airflow, docker, linux, pandas, react"
"airflow, etl, node.js, r, spark","azure, django, flask, javascript, kubernetes, linux, react, typescript",2.0,1.4,0.0,1.0,0.252,"airflow, etl, node.js, r, spark"
"airflow, etl, hadoop, java, node.js, pandas, rest","hadoop, power bi, python, sql",1.0,6.3,1.0,1.0,0.439,"airflow, etl, java, node.js, pandas, rest"
"airflow, azure, ci/cd, gcp, kubernetes, node.js, rest","aws, airflow, etl, flask, pytorch, rest, react, sql, spark",1.0,3.0,2.0,1.0,0.44,"azure, ci/cd, gcp, kubernetes, node.js"
"ci/cd, django, etl, hadoop, pytorch, r, typescript","django, graphql, power bi, pytorch, r, react, sql, tableau",1.0,0.7,3.0,1.0,0.471,"ci/cd, etl, hadoop, typescript"
"airflow, azure, javascript, kubernetes, numpy, pandas, pytorch, spark","ci/cd, django, docker, flask, git, node.js, numpy",1.0,4.7,1.0,1.0,0.391,"airflow, azure, javascript, kubernetes, pandas, pytorch, spark"
"aws, airflow, azure, graphql, java, power bi, python","airflow, etl, javascript, react, sql, tensorflow",2.0,0.5,1.0,1.0,0.325,"aws, azure, graphql, java, power bi, python"
"docker, excel, power bi, r, sql","aws, gcp, git, graphql, power bi, python, react",1.0,4.2,1.0,0.0,0.376,"docker, excel, r, sql"
"docker, node.js, pandas, power bi, python","airflow, ci/cd, flask, java, r, sql, scikit-learn",1.0,1.5,0.0,0.0,0.195,"docker, node.js, pandas, power bi, python"
"aws, etl, gcp, numpy, typescript","azure, django, etl, node.js, pandas, sql, tensorflow, typescript",2.0,3.3,2.0,0.0,0.509,"aws, gcp, numpy"
"excel, graphql, java, node.js, numpy, pandas, pytorch, tableau","git, kubernetes, node.js, pytorch, typescript",1.0,0.6,2.0,1.0,0.368,"excel, graphql, java, numpy, pandas, tableau"
"airflow, azure, ci/cd, flask, hadoop, javascript, typescript","azure, django, java, react, tensorflow",2.0,2.9,1.0,1.0,0.397,"airflow, ci/cd, flask, hadoop, javascript, typescript"
"ci/cd, linux, r, rest, sql, tensorflow","aws, linux, pandas, scikit-learn, typescript",2.0,2.2,1.0,1.0,0.376,"ci/cd, r, rest, sql, tensorflow"
"azure, etl, graphql, javascript, node.js","airflow, etl, excel, kubernetes, tableau, tensorflow",2.0,0.8,1.0,0.0,0.334,"azure, graphql, javascript, node.js"
"docker, git, graphql, java, kubernetes, power bi, typescript","airflow, etl, node.js, power bi",2.0,1.9,1.0,0.0,0.367,"docker, git, graphql, java, kubernetes, typescript"
"azure, ci/cd, hadoop, javascript, node.js, r, tensorflow, typescript","gcp, hadoop, kubernetes, python, sql",2.0,5.0,1.0,1.0,0.46,"azure, ci/cd, javascript, node.js, r, tensorflow, typescript"
"aws, airflow, azure, graphql, javascript, node.js, tensorflow","etl, gcp, spark, tableau, tensorflow",2.0,3.6,1.0,1.0,0.418,"aws, airflow, azure, graphql, javascript, node.js"
"azure, flask, node.js, pandas, r, sql, spark, typescript","aws, airflow, java, pytorch, r, react, sql, tableau",2.0,5.0,2.0,0.0,0.56,"azure, flask, node.js, pandas, spark, typescript"
"aws, hadoop, javascript, tableau, tensorflow","airflow, azure, excel, gcp, git, javascript, pandas, scikit-learn, spark, tableau",1.0,3.3,2.0,0.0,0.449,"aws, hadoop, tensorflow"
"aws, ci/cd, excel, git, linux, power bi, spark, tableau","airflow, flask, graphql, power bi, pytorch, python, rest, sql, tensorflow",1.0,5.9,1.0,1.0,0.427,"aws, ci/cd, excel, git, linux, spark, tableau"
"azure, docker, excel, flask, graphql, linux, react","aws, hadoop, node.js, pandas, r, scikit-learn, tensorflow",2.0,3.4,0.0,0.0,0.312,"azure, docker, excel, flask, graphql, linux, react"
"aws, azure, flask, gcp, pytorch","etl, gcp, git, java, kubernetes, linux, node.js, sql, spark",1.0,1.7,1.0,1.0,0.301,"aws, azure, flask, pytorch"
"azure, flask, git, react, scikit-learn, tableau","airflow, etl, javascript, pytorch, sql, scikit-learn",1.0,0.0,1.0,0.0,0.25,"azure, flask, git, react, tableau"
"airflow, etl, git, rest, react, sql, tableau, typescript","gcp, java, pytorch, r",1.0,2.4,0.0,1.0,0.222,"airflow, etl, git, rest, react, sql, tableau, typescript"
"airflow, linux, pandas, power bi, pytorch, scikit-learn, spark, tensorflow","aws, azure, django, git, java, javascript, pytorch, scikit-learn",2.0,5.4,2.0,0.0,0.572,"airflow, linux, pandas, power bi, spark, tensorflow"
"azure, django, flask, javascript, numpy","airflow, azure, ci/cd, excel, hadoop, node.js, numpy, r, tensorflow, typescript",1.0,5.0,2.0,0.0,0.5,"django, flask, javascript"
"airflow, azure, excel, java, linux, power bi, spark, typescript","linux, pandas, r, sql",1.0,5.7,1.0,0.0,0.421,"airflow, azure, excel, java, power bi, spark, typescript"
"azure, django, flask, node.js, pytorch, python","airflow, azure, docker, flask, graphql, hadoop, java, react, spark, tensorflow",1.0,5.6,2.0,1.0,0.518,"django, node.js, pytorch, python"
"ci/cd, docker, excel, java, pytorch, r, scikit-learn","excel, flask, kubernetes, node.js, numpy, r, rest, tensorflow",1.0,3.6,2.0,0.0,0.458,"ci/cd, docker, java, pytorch, scikit-learn"
"django, graphql, hadoop, linux, pandas, pytorch, r","ci/cd, flask, gcp, linux, node.js, pandas, scikit-learn, spark, tableau",2.0,4.3,2.0,0.0,0.539,"django, graphql, hadoop, pytorch, r"
"azure, django, flask, numpy, python, sql, typescript","django, etl, numpy, react, sql",1.0,2.3,3.0,0.0,0.519,"azure, flask, python, typescript"
"flask, graphql, kubernetes, pandas, power bi, scikit-learn, spark, tensorflow","java, numpy, pandas, power bi, react, spark",1.0,5.0,3.0,1.0,0.6,"flask, graphql, kubernetes, scikit-learn, tensorflow"
"azure, docker, git, graphql, hadoop, javascript, python, tableau","ci/cd, gcp, git, java, kubernetes, linux, node.js, r, typescript",1.0,0.3,1.0,0.0,0.259,"azure, docker, graphql, hadoop, javascript, python, tableau"
"aws, airflow, django, gcp, hadoop, react, tableau, typescript","airflow, docker, pandas, sql, spark, tableau",2.0,6.3,2.0,1.0,0.599,"aws, django, gcp, hadoop, react, typescript"
"docker, hadoop, kubernetes, linux, numpy, python, scikit-learn","azure, django, etl, git, graphql, kubernetes, pytorch, r, rest",1.0,4.7,1.0,1.0,0.391,"docker, hadoop, linux, numpy, python, scikit-learn"
"django, etl, excel, graphql, kubernetes, numpy, sql, scikit-learn","excel, flask, git, kubernetes, numpy, power bi, pytorch, rest, spark",3.0,3.8,3.0,1.0,0.624,"django, etl, graphql, sql, scikit-learn"
"azure, docker, git, python, sql, spark","docker, excel, flask, linux, pytorch, rest, tensorflow",1.0,2.8,1.0,0.0,0.334,"azure, git, python, sql, spark"
"docker, etl, flask, linux, pandas, rest, tensorflow","aws, ci/cd, django, etl, excel, graphql, hadoop, spark, typescript",0.0,3.6,1.0,0.0,0.358,"docker, flask, linux, pandas, rest, tensorflow"
"excel, java, javascript, linux, react","excel, gcp, graphql, react, scikit-learn, tensorflow",2.0,5.5,2.0,0.0,0.575,"java, javascript, linux"
"aws, django, docker, gcp, rest, react, tensorflow","ci/cd, docker, etl, kubernetes, linux, scikit-learn, tableau",1.0,2.6,1.0,0.0,0.328,"aws, django, gcp, rest, react, tensorflow"
"flask, git, graphql, java, kubernetes, linux, scikit-learn","graphql, node.js, numpy, pandas, r, react, sql, spark, tensorflow, typescript",2.0,0.0,1.0,1.0,0.31,"flask, git, java, kubernetes, linux, scikit-learn"
"excel, flask, git, pytorch, tensorflow","azure, docker, excel, hadoop, java, kubernetes, pytorch, r, tableau",1.0,3.2,2.0,0.0,0.446,"flask, git, tensorflow"
"django, docker, excel, hadoop, power bi, r, scikit-learn, typescript","airflow, etl, excel, javascript, pandas, scikit-learn, typescript",1.0,3.5,3.0,1.0,0.555,"django, docker, hadoop, power bi, r"
"azure, etl, javascript, scikit-learn, spark, tensorflow","airflow, ci/cd, excel, kubernetes, power bi, pytorch, r, rest, react, spark",1.0,7.0,1.0,1.0,0.46,"azure, etl, javascript, scikit-learn, tensorflow"
"airflow, docker, gcp, java, pytorch","airflow, ci/cd, scikit-learn, typescript",1.0,3.8,1.0,0.0,0.364,"docker, gcp, java, pytorch"
"aws, gcp, git, linux, python, scikit-learn","docker, flask, gcp, git, hadoop, javascript, linux, numpy, python, r",1.0,2.8,4.0,0.0,0.634,"aws, scikit-learn"
"docker, java, linux, sql, tensorflow","gcp, hadoop, linux, r, tableau, typescript",1.0,1.9,1.0,0.0,0.307,"docker, java, sql, tensorflow"
"excel, graphql, hadoop, numpy, pandas, python, r, sql","git, kubernetes, numpy, pandas, pytorch, sql, tensorflow, typescript",1.0,0.0,3.0,1.0,0.45,"excel, graphql, hadoop, python, r"
"azure, ci/cd, etl, excel, node.js, numpy","ci/cd, etl, node.js, tableau",1.0,3.0,3.0,0.0,0.54,"azure, excel, numpy"
"java, javascript, kubernetes, numpy, pandas","django, graphql, linux, react, spark",3.0,4.7,0.0,0.0,0.351,"java, javascript, kubernetes, numpy, pandas"
"aws, azure, docker, graphql, java, javascript, rest, scikit-learn","django, gcp, hadoop, linux, numpy, python, tensorflow",1.0,4.7,0.0,0.0,0.291,"aws, azure, docker, graphql, java, javascript, rest, scikit-learn"
"etl, gcp, node.js, numpy, r, typescript","azure, django, flask, git, graphql, kubernetes, linux, pytorch, react, scikit-learn",1.0,7.8,0.0,1.0,0.384,"etl, gcp, node.js, numpy, r, typescript"
"azure, ci/cd, gcp, hadoop, node.js, r, rest, typescript","aws, etl, gcp, git, pandas, rest",1.0,4.4,2.0,0.0,0.482,"azure, ci/cd, hadoop, node.js, r, typescript"
"ci/cd, django, gcp, node.js, pytorch, python, r","aws, flask, numpy, python, sql, tensorflow, typescript",1.0,4.9,1.0,0.0,0.397,"ci/cd, django, gcp, node.js, pytorch, r"
"aws, django, docker, hadoop, javascript, rest, scikit-learn","etl, excel, gcp, graphql, kubernetes, node.js, sql, tensorflow",3.0,3.6,0.0,0.0,0.318,"aws, django, docker, hadoop, javascript, rest, scikit-learn"
"docker, etl, gcp, pandas, python, spark","numpy, pytorch, tableau, typescript",2.0,4.0,0.0,0.0,0.33,"docker, etl, gcp, pandas, python, spark"
"etl, flask, java, rest, react","excel, gcp, linux, python, scikit-learn",2.0,2.9,0.0,0.0,0.297,"etl, flask, java, rest, react"
"azure, ci/cd, graphql, node.js, numpy, tableau","airflow, ci/cd, django, excel, hadoop, node.js, r, react, tableau, tensorflow",3.0,4.4,3.0,1.0,0.642,"azure, graphql, numpy"
"ci/cd, excel, git, graphql, java, python, r","azure, javascript, pandas, pytorch, rest, spark",1.0,2.4,0.0,0.0,0.222,"ci/cd, excel, git, graphql, java, python, r"
"airflow, excel, git, kubernetes, power bi, tensorflow","airflow, azure, hadoop, tensorflow",1.0,6.7,2.0,0.0,0.551,"excel, git, kubernetes, power bi"
"power bi, pytorch, react, scikit-learn, tensorflow","aws, docker, gcp, git",2.0,3.4,0.0,0.0,0.312,"power bi, pytorch, react, scikit-learn, tensorflow"
"etl, kubernetes, node.js, scikit-learn, tableau","ci/cd, docker, excel, gcp, numpy, pandas, r, scikit-learn",3.0,3.6,1.0,1.0,0.418,"etl, kubernetes, node.js, tableau"
"airflow, gcp, git, javascript, spark","aws, airflow, azure, django, flask, kubernetes, linux, power bi, rest",2.0,4.3,1.0,0.0,0.439,"gcp, git, javascript, spark"
"aws, gcp, java, node.js, react, spark","docker, excel, git, graphql, node.js, pandas, r, sql, scikit-learn, spark",1.0,0.0,2.0,0.0,0.35,"aws, gcp, java, react"
"azure, excel, graphql, java, kubernetes, node.js, pandas, scikit-learn","airflow, ci/cd, excel, git, graphql, javascript, kubernetes, pytorch, tableau",2.0,4.8,3.0,1.0,0.654,"azure, java, node.js, pandas, scikit-learn"
"ci/cd, excel, hadoop, node.js, pandas, power bi, pytorch","aws, airflow, azure, node.js, numpy, pandas, pytorch, react, scikit-learn, tableau",2.0,6.0,3.0,1.0,0.69,"ci/cd, excel, hadoop, power bi"
"etl, gcp, graphql, spark, typescript","django, etl, gcp, hadoop, javascript, numpy, sql",3.0,3.1,2.0,0.0,0.503,"graphql, spark, typescript"
"airflow, django, etl, graphql, linux, spark","aws, flask, graphql, numpy, python, sql, tensorflow",1.0,1.4,1.0,0.0,0.292,"airflow, django, etl, linux, spark"
"azure, ci/cd, etl, java, tensorflow","azure, numpy, r, scikit-learn, tableau, tensorflow",1.0,3.2,2.0,0.0,0.446,"ci/cd, etl, java"
"docker, git, javascript, python, tableau","etl, javascript, node.js, r, rest, sql, spark, tableau, tensorflow, typescript",1.0,8.4,2.0,1.0,0.602,"docker, git, python"
"azure, excel, node.js, pandas, tableau","docker, excel, flask, git, kubernetes, linux, numpy, r, sql, tableau",1.0,4.5,2.0,0.0,0.485,"azure, node.js, pandas"
"aws, azure, etl, hadoop, linux, pandas, python, typescript","ci/cd, docker, etl, graphql, kubernetes, pandas, power bi, pytorch, spark",1.0,0.2,2.0,0.0,0.356,"aws, azure, hadoop, linux, python, typescript"
"graphql, java, javascript, pandas, pytorch, r, rest, sql","docker, etl, excel, java, javascript, pytorch, scikit-learn, tensorflow, typescript",1.0,3.8,3.0,0.0,0.564,"graphql, pandas, r, rest, sql"
"aws, ci/cd, java, power bi, react, spark","aws, gcp, linux, react",1.0,3.6,2.0,0.0,0.458,"ci/cd, java, power bi, spark"
"airflow, azure, etl, flask, python, spark","ci/cd, docker, etl, kubernetes, sql, spark",1.0,6.3,2.0,0.0,0.539,"airflow, azure, flask, python"
"excel, gcp, git, java, power bi, python","flask, node.js, pandas, sql, typescript",0.0,2.8,0.0,0.0,0.234,"excel, gcp, git, java, power bi, python"
"flask, linux, numpy, python, react","ci/cd, docker, etl, git, kubernetes, r, rest, sql, tensorflow, typescript",1.0,4.7,0.0,1.0,0.291,"flask, linux, numpy, python, react"
"airflow, django, docker, etl, gcp, scikit-learn, spark","airflow, azure, ci/cd, hadoop, java, r, spark",1.0,3.8,2.0,0.0,0.464,"django, docker, etl, gcp, scikit-learn"
"excel, graphql, power bi, r, sql","azure, flask, java, pytorch, rest, spark, tableau, tensorflow",1.0,3.1,0.0,0.0,0.243,"excel, graphql, power bi, r, sql"
"ci/cd, excel, kubernetes, linux, node.js, pytorch, react","aws, flask, graphql, hadoop, node.js, numpy, r, scikit-learn, spark",2.0,3.9,1.0,1.0,0.427,"ci/cd, excel, kubernetes, linux, pytorch, react"
"django, etl, flask, java, linux, power bi, rest, react","flask, java, linux, node.js, sql, spark, tensorflow",1.0,5.7,3.0,1.0,0.621,"django, etl, power bi, rest, react"
"etl, gcp, hadoop, kubernetes, linux, pytorch, react, typescript","graphql, java, numpy, pandas, python, r, spark, typescript",1.0,2.3,1.0,0.0,0.319,"etl, gcp, hadoop, kubernetes, linux, pytorch, react"
"aws, gcp, git, javascript, tableau","aws, django, hadoop, pandas, pytorch, sql, spark, typescript",1.0,2.2,1.0,1.0,0.316,"gcp, git, javascript, tableau"
"ci/cd, git, pytorch, python, tensorflow","aws, etl, javascript, node.js, pandas, pytorch, r, sql",1.0,5.0,1.0,1.0,0.4,"ci/cd, git, python, tensorflow"
"airflow, docker, flask, hadoop, java","etl, git, python, sql",1.0,1.7,0.0,1.0,0.201,"airflow, docker, flask, hadoop, java"
"ci/cd, docker, etl, gcp, pandas, power bi, python, spark","flask, git, kubernetes, linux, node.js, python, react, scikit-learn, tensorflow",2.0,4.5,1.0,0.0,0.445,"ci/cd, docker, etl, gcp, pandas, power bi, spark"
"aws, django, excel, hadoop, javascript, pytorch, typescript","aws, airflow, django, docker, flask, pandas, python, tableau, tensorflow, typescript",1.0,6.6,3.0,1.0,0.648,"excel, hadoop, javascript, pytorch"
"aws, airflow, django, pandas, sql, spark","airflow, javascript, r, tableau",1.0,5.8,1.0,0.0,0.424,"aws, django, pandas, sql, spark"
"aws, azure, gcp, graphql, javascript, rest, tensorflow","docker, etl, excel, react, tableau, typescript",1.0,4.2,0.0,1.0,0.276,"aws, azure, gcp, graphql, javascript, rest, tensorflow"
"aws, numpy, pandas, power bi, sql","docker, etl, kubernetes, linux, numpy",1.0,2.0,1.0,1.0,0.31,"aws, pandas, power bi, sql"
"hadoop, javascript, linux, node.js, pytorch, spark","docker, graphql, hadoop, kubernetes, node.js",1.0,3.3,2.0,1.0,0.449,"javascript, linux, pytorch, spark"
"airflow, azure, django, kubernetes, pytorch, python, react","azure, ci/cd, java, node.js, pandas, rest, scikit-learn, spark, typescript",1.0,5.1,1.0,0.0,0.403,"airflow, django, kubernetes, pytorch, python, react"
"django, etl, flask, git, r, rest, spark","aws, flask, hadoop, javascript, kubernetes, power bi, sql, scikit-learn, tableau",1.0,3.0,1.0,1.0,0.34,"django, etl, git, r, rest, spark"
"aws, excel, kubernetes, linux, react","azure, django, docker, etl, git, numpy, r, tensorflow, typescript",1.0,3.8,0.0,0.0,0.264,"aws, excel, kubernetes, linux, react"
"aws, docker, git, numpy, tensorflow","ci/cd, git, graphql, linux, node.js, pytorch, react, tensorflow, typescript",1.0,6.5,2.0,0.0,0.545,"aws, docker, numpy"
"java, kubernetes, linux, node.js, rest, sql, tensorflow","azure, ci/cd, gcp, scikit-learn",1.0,3.8,0.0,0.0,0.264,"java, kubernetes, linux, node.js, rest, sql, tensorflow"
"airflow, ci/cd, kubernetes, pandas, pytorch, r, tableau","airflow, ci/cd, docker, graphql, hadoop, linux, sql, tensorflow",1.0,0.0,2.0,0.0,0.35,"kubernetes, pandas, pytorch, r, tableau"
"docker, javascript, kubernetes, numpy, pandas, scikit-learn, typescript","linux, scikit-learn, tableau, tensorflow, typescript",0.0,0.6,2.0,1.0,0.368,"docker, javascript, kubernetes, numpy, pandas"
"flask, git, graphql, pytorch, rest, typescript","javascript, numpy, r, rest, react",1.0,4.9,1.0,0.0,0.397,"flask, git, graphql, pytorch, typescript"
"aws, azure, docker, graphql, power bi, tableau","rest, sql, spark, typescript",1.0,6.3,0.0,1.0,0.339,"aws, azure, docker, graphql, power bi, tableau"
"aws, airflow, docker, excel, rest, tableau","aws, azure, flask, graphql, node.js, numpy, r, scikit-learn, spark",2.0,5.1,1.0,0.0,0.463,"airflow, docker, excel, rest, tableau"
"django, excel, rest, scikit-learn, spark, tableau, tensorflow","node.js, numpy, r, spark",1.0,3.4,1.0,0.0,0.352,"django, excel, rest, scikit-learn, tableau, tensorflow"
"django, etl, git, java, numpy, spark","hadoop, java, node.js, numpy, pandas",2.0,7.0,2.0,0.0,0.62,"django, etl, git, spark"
"aws, docker, graphql, java, linux, power bi, react, spark","django, excel, hadoop, java, kubernetes, node.js, power bi, rest, react, scikit-learn",1.0,1.3,3.0,1.0,0.489,"aws, docker, graphql, linux, spark"
"flask, gcp, java, power bi, rest, typescript","airflow, azure, ci/cd, git, python, r, scikit-learn, tensorflow, typescript",1.0,5.2,1.0,0.0,0.406,"flask, gcp, java, power bi, rest"
"azure, excel, flask, hadoop, javascript, python, r, typescript","etl, excel, graphql, pytorch",2.0,5.8,1.0,0.0,0.484,"azure, flask, hadoop, javascript, python, r, typescript"
"gcp, git, java, linux, spark, tableau","aws, airflow, etl, excel, graphql, hadoop, numpy, react, tableau",2.0,6.4,1.0,0.0,0.502,"gcp, git, java, linux, spark"
"aws, django, gcp, hadoop, javascript, rest, tableau","aws, docker, excel, gcp, javascript, linux, python, sql, scikit-learn, tableau",1.0,1.0,4.0,0.0,0.58,"django, hadoop, rest"
"docker, etl, flask, gcp, java, power bi, r, typescript","etl, linux, rest, react, sql, scikit-learn, spark",1.0,3.4,1.0,0.0,0.352,"docker, flask, gcp, java, power bi, r, typescript"
"excel, graphql, hadoop, java, pandas, power bi, pytorch","aws, excel, linux, r",1.0,1.0,1.0,0.0,0.28,"graphql, hadoop, java, pandas, power bi, pytorch"
"airflow, javascript, numpy, power bi, scikit-learn","airflow, ci/cd, django, excel, git, linux, r, react, spark, tensorflow",1.0,3.5,1.0,0.0,0.355,"javascript, numpy, power bi, scikit-learn"
"hadoop, kubernetes, react, tensorflow, typescript","aws, django, flask, graphql, pytorch, r, rest, react, tensorflow",1.0,4.4,2.0,0.0,0.482,"hadoop, kubernetes, typescript"
"django, etl, gcp, git, java, linux, pytorch, r","django, excel, flask, graphql, hadoop, scikit-learn, tableau",2.0,0.6,1.0,1.0,0.328,"etl, gcp, git, java, linux, pytorch, r"
"aws, power bi, rest, scikit-learn, spark, tableau","azure, excel, hadoop, numpy, r, tableau",1.0,4.6,1.0,0.0,0.388,"aws, power bi, rest, scikit-learn, spark"
"etl, flask, kubernetes, numpy, power bi, scikit-learn, typescript","django, docker, git, linux, tensorflow",1.0,2.2,0.0,1.0,0.216,"etl, flask, kubernetes, numpy, power bi, scikit-learn, typescript"
"azure, node.js, numpy, power bi, sql","django, docker, etl, scikit-learn, tableau",2.0,0.5,0.0,0.0,0.225,"azure, node.js, numpy, power bi, sql"
"django, flask, kubernetes, python, react, scikit-learn, typescript","azure, django, flask, gcp, git, graphql, java, r, react, tensorflow",1.0,1.2,3.0,0.0,0.486,"kubernetes, python, scikit-learn, typescript"
"aws, docker, javascript, kubernetes, linux, node.js, r, tensorflow","airflow, ci/cd, etl, numpy",1.0,4.3,0.0,0.0,0.279,"aws, docker, javascript, kubernetes, linux, node.js, r, tensorflow"
"gcp, git, rest, react, spark","django, etl, excel, flask, gcp, git, java, power bi, typescript",1.0,2.7,2.0,1.0,0.431,"rest, react, spark"
"airflow, ci/cd, gcp, git, kubernetes, power bi, python","airflow, ci/cd, hadoop, pandas, rest",1.0,2.5,2.0,0.0,0.425,"gcp, git, kubernetes, power bi, python"
"django, graphql, java, node.js, pandas, sql, spark","django, flask, hadoop, numpy, pytorch, python, sql, spark",1.0,3.1,3.0,0.0,0.543,"graphql, java, node.js, pandas"
"aws, hadoop, power bi, r, react, sql, tensorflow, typescript","hadoop, linux, node.js, power bi, r, spark, tableau, typescript",1.0,3.1,4.0,0.0,0.643,"aws, react, sql, tensorflow"
"azure, power bi, pytorch, rest, react, typescript","ci/cd, hadoop, linux, power bi, sql",1.0,5.3,1.0,1.0,0.409,"azure, pytorch, rest, react, typescript"
"etl, hadoop, node.js, pytorch, r, sql","git, javascript, linux, node.js, numpy, pandas, scikit-learn",0.0,2.1,1.0,0.0,0.313,"etl, hadoop, pytorch, r, sql"
"airflow, gcp, java, pandas, react, sql","aws, git, node.js, power bi",1.0,2.2,0.0,0.0,0.216,"airflow, gcp, java, pandas, react, sql"
"etl, gcp, javascript, pandas, r, spark, tensorflow, typescript","airflow, django, excel, flask, gcp, graphql, pandas, rest",1.0,4.6,2.0,1.0,0.488,"etl, javascript, r, spark, tensorflow, typescript"
"docker, excel, javascript, numpy, python, sql, typescript","git, javascript, numpy, rest, react, spark",1.0,0.5,2.0,1.0,0.365,"docker, excel, python, sql, typescript"
"aws, docker, hadoop, numpy, python, scikit-learn","airflow, django, java, linux, sql",3.0,3.5,0.0,1.0,0.315,"aws, docker, hadoop, numpy, python, scikit-learn"
"flask, graphql, hadoop, node.js, spark","airflow, pytorch, tableau, tensorflow",1.0,0.4,0.0,0.0,0.162,"flask, graphql, hadoop, node.js, spark"
"django, graphql, numpy, power bi, rest, react, sql, scikit-learn","aws, airflow, java, kubernetes, linux, numpy, pandas, pytorch, typescript",1.0,4.9,1.0,0.0,0.397,"django, graphql, power bi, rest, react, sql, scikit-learn"
"airflow, etl, excel, gcp, graphql","aws, airflow, docker, flask, spark, tensorflow",1.0,0.9,1.0,1.0,0.277,"etl, excel, gcp, graphql"
"ci/cd, excel, gcp, git, node.js, tensorflow","excel, gcp, scikit-learn, typescript",1.0,3.0,2.0,1.0,0.44,"ci/cd, git, node.js, tensorflow"
"aws, kubernetes, python, sql, scikit-learn","aws, django, java, react, sql, tableau",1.0,1.5,2.0,1.0,0.395,"kubernetes, python, scikit-learn"
"ci/cd, git, hadoop, javascript, react, typescript","excel, gcp, node.js, sql, scikit-learn, tensorflow",1.0,2.3,0.0,0.0,0.219,"ci/cd, git, hadoop, javascript, react, typescript"
"airflow, django, javascript, linux, numpy, pandas, power bi","aws, graphql, java, node.js, numpy, pandas, pytorch, react",1.0,2.6,2.0,0.0,0.428,"airflow, django, javascript, linux, power bi"
"excel, hadoop, node.js, pytorch, react","airflow, django, linux, node.js",2.0,4.4,1.0,1.0,0.442,"excel, hadoop, pytorch, react"
"airflow, docker, gcp, git, linux, numpy, python, sql","django, git, kubernetes, numpy, python, rest, typescript",3.0,6.6,3.0,1.0,0.708,"airflow, docker, gcp, linux, sql"
"ci/cd, excel, graphql, node.js, tableau, typescript","etl, gcp, graphql, hadoop, python",1.0,3.1,1.0,0.0,0.343,"ci/cd, excel, node.js, tableau, typescript"
"azure, flask, graphql, java, numpy, pytorch, sql, spark","aws, azure, javascript, sql, scikit-learn, spark",3.0,5.1,3.0,1.0,0.663,"flask, graphql, java, numpy, pytorch"
"aws, java, numpy, react, spark","excel, graphql, pandas, pytorch",1.0,4.6,0.0,0.0,0.288,"aws, java, numpy, react, spark"
"docker, java, numpy, pandas, power bi, rest, spark, tableau","airflow, etl, flask, java, kubernetes, rest, sql, scikit-learn, tableau",1.0,0.6,3.0,0.0,0.468,"docker, numpy, pandas, power bi, spark"
"aws, etl, node.js, numpy, scikit-learn","azure, django, docker, etl, graphql, linux, pytorch, sql",1.0,0.1,1.0,0.0,0.253,"aws, node.js, numpy, scikit-learn"
"ci/cd, docker, gcp, javascript, linux, python, react, tensorflow","aws, airflow, azure, django, flask, git, java, pytorch, r, sql",1.0,1.8,0.0,0.0,0.204,"ci/cd, docker, gcp, javascript, linux, python, react, tensorflow"
"django, gcp, linux, react, typescript","etl, gcp, graphql, hadoop, r",2.0,1.7,1.0,0.0,0.361,"django, linux, react, typescript"
"gcp, java, pandas, python, r, sql","airflow, flask, git, hadoop, javascript, node.js, tableau",2.0,3.4,0.0,1.0,0.312,"gcp, java, pandas, python, r, sql"
"aws, django, graphql, power bi, typescript","airflow, docker, etl, graphql, java, node.js, pytorch, python, sql, scikit-learn",2.0,2.6,1.0,0.0,0.388,"aws, django, power bi, typescript"
"etl, power bi, rest, tensorflow, typescript","aws, java, javascript, numpy, react",1.0,4.1,0.0,1.0,0.273,"etl, power bi, rest, tensorflow, typescript"
"azure, docker, etl, gcp, java, tensorflow, typescript","gcp, javascript, kubernetes, r, rest, scikit-learn",1.0,3.7,1.0,0.0,0.361,"azure, docker, etl, java, tensorflow, typescript"
"airflow, flask, git, graphql, r, scikit-learn","azure, kubernetes, linux, pytorch, python, spark",1.0,1.5,0.0,0.0,0.195,"airflow, flask, git, graphql, r, scikit-learn"
"etl, flask, graphql, java, javascript, node.js, pandas, typescript","django, graphql, power bi, rest, sql, typescript",1.0,2.9,2.0,1.0,0.437,"etl, flask, java, javascript, node.js, pandas"
"docker, etl, hadoop, spark, tableau","django, pandas, sql, spark",0.0,6.1,1.0,0.0,0.433,"docker, etl, hadoop, tableau"
"aws, django, git, kubernetes, node.js, sql","aws, azure, django, excel, git, pytorch, r, scikit-learn, spark",1.0,2.2,3.0,1.0,0.516,"kubernetes, node.js, sql"
"aws, airflow, azure, graphql, r, spark, typescript","airflow, graphql, numpy, sql",2.0,4.8,2.0,1.0,0.554,"aws, azure, r, spark, typescript"
"django, git, linux, node.js, numpy, rest, spark","azure, excel, gcp, node.js, pandas, power bi",2.0,0.4,1.0,1.0,0.322,"django, git, linux, numpy, rest, spark"
"ci/cd, docker, flask, hadoop, react","azure, excel, hadoop, power bi, rest, spark",3.0,5.3,1.0,1.0,0.469,"ci/cd, docker, flask, react"
"azure, etl, flask, javascript, kubernetes, tensorflow","aws, airflow, etl, excel, gcp, graphql, linux, scikit-learn",1.0,2.5,1.0,0.0,0.325,"azure, flask, javascript, kubernetes, tensorflow"
"airflow, azure, hadoop, tableau, typescript","aws, docker, gcp, graphql, linux, power bi, scikit-learn, spark",2.0,1.0,0.0,1.0,0.24,"airflow, azure, hadoop, tableau, typescript"
"docker, git, node.js, pytorch, python","javascript, python, rest, sql, spark",1.0,4.9,1.0,0.0,0.397,"docker, git, node.js, pytorch"
"airflow, node.js, numpy, power bi, pytorch, sql","airflow, django, flask, git, graphql, java, javascript, node.js, python, scikit-learn",1.0,4.4,2.0,0.0,0.482,"numpy, power bi, pytorch, sql"
"azure, ci/cd, javascript, kubernetes, node.js, power bi, r, react","django, excel, git, hadoop, python, tensorflow",1.0,1.9,0.0,0.0,0.207,"azure, ci/cd, javascript, kubernetes, node.js, power bi, r, react"
"aws, excel, graphql, hadoop, numpy, python, r, sql","airflow, git, linux, node.js, pandas, pytorch, react, tensorflow, typescript",1.0,3.6,0.0,1.0,0.258,"aws, excel, graphql, hadoop, numpy, python, r, sql"
"aws, airflow, power bi, pytorch, react","airflow, ci/cd, flask, gcp, linux, r, react, spark, tableau",2.0,3.6,2.0,1.0,0.518,"aws, power bi, pytorch"
"azure, graphql, java, javascript, r","hadoop, node.js, numpy, r, rest, sql, spark",1.0,4.0,1.0,1.0,0.37,"azure, graphql, java, javascript"
"azure, docker, flask, linux, r, tableau","airflow, ci/cd, docker, graphql, hadoop, linux, pandas, typescript",2.0,0.0,2.0,0.0,0.41,"azure, flask, r, tableau"
"airflow, docker, git, graphql, javascript, sql, spark","docker, numpy, pytorch, sql",1.0,2.8,2.0,0.0,0.434,"airflow, git, graphql, javascript, spark"
"aws, azure, django, etl, tableau, typescript","azure, ci/cd, django, git, graphql, hadoop, pandas, r, rest, react",1.0,2.8,2.0,0.0,0.434,"aws, etl, tableau, typescript"
"aws, django, excel, gcp, git, spark","docker, gcp, git, kubernetes, linux, node.js, power bi, python, tableau, typescript",2.0,2.0,2.0,0.0,0.47,"aws, django, excel, spark"
"azure, numpy, pytorch, rest, typescript","aws, azure, gcp, graphql, javascript, kubernetes, python, sql, tensorflow",3.0,3.5,1.0,0.0,0.415,"numpy, pytorch, rest, typescript"
"aws, airflow, ci/cd, java, kubernetes, pandas, python, tableau","etl, excel, javascript, pytorch, rest",2.0,1.3,0.0,0.0,0.249,"aws, airflow, ci/cd, java, kubernetes, pandas, python, tableau"
"excel, numpy, power bi, r, spark","aws, airflow, django, etl, java, scikit-learn",1.0,5.2,0.0,1.0,0.306,"excel, numpy, power bi, r, spark"
"django, docker, excel, git, numpy, pytorch, python, rest","ci/cd, docker, gcp, node.js, numpy, power bi, python, rest, tensorflow",1.0,3.9,4.0,0.0,0.667,"django, excel, git, pytorch"
"airflow, django, pandas, r, sql","django, hadoop, power bi, spark, tableau",1.0,2.5,1.0,0.0,0.325,"airflow, pandas, r, sql"
"docker, excel, graphql, python, r, sql","azure, django, javascript, pandas, power bi, python, rest, scikit-learn, tensorflow",1.0,4.9,1.0,0.0,0.397,"docker, excel, graphql, r, sql"
"airflow, docker, gcp, git, node.js, spark","airflow, flask, kubernetes, power bi, rest, react, sql, tableau, tensorflow",1.0,5.3,1.0,0.0,0.409,"docker, gcp, git, node.js, spark"
"graphql, kubernetes, python, tableau, tensorflow","flask, pandas, sql, scikit-learn",1.0,4.5,0.0,0.0,0.285,"graphql, kubernetes, python, tableau, tensorflow"
"aws, ci/cd, git, kubernetes, linux, r, rest, spark","azure, etl, numpy, r",1.0,3.7,1.0,0.0,0.361,"aws, ci/cd, git, kubernetes, linux, rest, spark"
"aws, azure, pytorch, r, sql, spark","git, hadoop, pandas, r",1.0,2.6,1.0,1.0,0.328,"aws, azure, pytorch, sql, spark"
"azure, docker, java, javascript, scikit-learn, tableau","airflow, excel, pandas, scikit-learn, spark",3.0,0.9,1.0,0.0,0.337,"azure, docker, java, javascript, tableau"
"azure, javascript, kubernetes, node.js, pandas, power bi","azure, graphql, pandas, typescript",1.0,2.3,2.0,0.0,0.419,"javascript, kubernetes, node.js, power bi"
"azure, java, scikit-learn, tableau, tensorflow","airflow, ci/cd, docker, excel, git, graphql, kubernetes, sql",2.0,1.5,0.0,0.0,0.255,"azure, java, scikit-learn, tableau, tensorflow"
"aws, azure, ci/cd, etl, flask, pandas, react","excel, flask, graphql, hadoop, kubernetes, python, react, spark, tableau, typescript",2.0,2.8,2.0,0.0,0.494,"aws, azure, ci/cd, etl, pandas"
"airflow, linux, pandas, pytorch, r, sql, spark","aws, linux, scikit-learn, tableau",3.0,5.6,1.0,1.0,0.478,"airflow, pandas, pytorch, r, sql, spark"
"azure, django, flask, graphql, java, node.js, spark","aws, ci/cd, flask, gcp, hadoop, kubernetes, node.js, spark, tableau, typescript",1.0,5.7,3.0,1.0,0.621,"azure, django, graphql, java"
"etl, java, linux, node.js, python, spark","docker, javascript, kubernetes, pandas, power bi, pytorch, rest, sql, spark, tensorflow",2.0,3.7,1.0,0.0,0.421,"etl, java, linux, node.js, python"
"kubernetes, linux, pytorch, rest, scikit-learn, tensorflow","ci/cd, git, hadoop, java, numpy, pandas, power bi, spark, tableau",2.0,0.0,0.0,0.0,0.21,"kubernetes, linux, pytorch, rest, scikit-learn, tensorflow"
"aws, excel, flask, numpy, power bi, spark, tableau, typescript","aws, graphql, spark, tensorflow",1.0,8.7,2.0,1.0,0.611,"excel, flask, numpy, power bi, tableau, typescript"
"azure, django, docker, etl, r","ci/cd, git, java, javascript, tableau",0.0,2.8,0.0,0.0,0.234,"azure, django, docker, etl, r"
"git, graphql, hadoop, kubernetes, python, r, tableau, typescript","excel, flask, graphql, hadoop, java, linux, power bi",1.0,4.1,2.0,0.0,0.473,"git, kubernetes, python, r, tableau, typescript"
"aws, etl, graphql, linux, node.js, numpy, pytorch","ci/cd, graphql, java, kubernetes, node.js, power bi, python, r, scikit-learn, typescript",2.0,3.4,2.0,1.0,0.512,"aws, etl, linux, numpy, pytorch"
"django, flask, linux, node.js, python","airflow, flask, gcp, numpy, power bi, sql",2.0,3.6,1.0,1.0,0.418,"django, linux, node.js, python"
"django, graphql, javascript, node.js, tableau","airflow, excel, power bi, pytorch",2.0,6.5,0.0,0.0,0.405,"django, graphql, javascript, node.js, tableau"
"azure, flask, r, sql, spark","aws, excel, graphql, java, linux, pandas, python, spark",2.0,0.7,1.0,0.0,0.331,"azure, flask, r, sql"
"django, docker, graphql, sql, tableau","flask, gcp, git, graphql, power bi, pytorch",1.0,5.1,1.0,0.0,0.403,"django, docker, sql, tableau"
"django, etl, git, hadoop, rest, react, tableau","graphql, kubernetes, pandas, pytorch",2.0,0.8,0.0,0.0,0.234,"django, etl, git, hadoop, rest, react, tableau"
"aws, airflow, kubernetes, node.js, python, r, sql, typescript","django, flask, git, java, node.js, numpy, pytorch, r, spark, typescript",1.0,3.9,3.0,0.0,0.567,"aws, airflow, kubernetes, python, sql"
"gcp, node.js, pytorch, rest, sql, tensorflow","aws, ci/cd, django, hadoop, rest, sql, typescript",1.0,2.7,2.0,1.0,0.431,"gcp, node.js, pytorch, tensorflow"
"etl, flask, git, javascript, numpy, pytorch, sql","airflow, docker, javascript, kubernetes, numpy, power bi, pytorch, scikit-learn",3.0,3.1,3.0,1.0,0.603,"etl, flask, git, sql"
"graphql, java, linux, pandas, python, rest","aws, airflow, flask, graphql, javascript, kubernetes, node.js, react, tableau, typescript",1.0,0.9,1.0,0.0,0.277,"java, linux, pandas, python, rest"
"excel, javascript, pandas, power bi, react","etl, flask, gcp, graphql, hadoop, node.js, numpy, pandas, react, tensorflow",1.0,3.9,2.0,0.0,0.467,"excel, javascript, power bi"
"aws, azure, django, power bi, tensorflow","airflow, etl, gcp, hadoop, sql, tensorflow, typescript",2.0,6.7,1.0,1.0,0.511,"aws, azure, django, power bi"
"airflow, excel, kubernetes, linux, react","airflow, docker, etl, node.js, pytorch, sql, spark, tensorflow",2.0,2.4,1.0,1.0,0.382,"excel, kubernetes, linux, react"
"airflow, azure, django, docker, flask, react, tensorflow, typescript","ci/cd, docker, excel, numpy, power bi, tensorflow",1.0,5.6,2.0,1.0,0.518,"airflow, azure, django, flask, react, typescript"
"graphql, java, numpy, pytorch, react, tableau","aws, docker, excel, git, hadoop, numpy, pandas, tableau, tensorflow",3.0,4.9,2.0,0.0,0.557,"graphql, java, pytorch, react"
"aws, git, python, react, tableau","aws, airflow, ci/cd, etl, kubernetes, node.js, spark",1.0,1.5,1.0,0.0,0.295,"git, python, react, tableau"
"etl, excel, gcp, pandas, python, r, tensorflow","aws, ci/cd, etl, flask, gcp, spark, typescript",1.0,3.5,2.0,0.0,0.455,"excel, pandas, python, r, tensorflow"
"airflow, django, excel, hadoop, pandas, react","django, flask, hadoop, java, linux, python, react, typescript",2.0,0.9,3.0,0.0,0.537,"airflow, excel, pandas"
"docker, flask, gcp, hadoop, pandas, scikit-learn, spark","airflow, ci/cd, java, kubernetes, node.js, pytorch, react",1.0,2.9,0.0,0.0,0.237,"docker, flask, gcp, hadoop, pandas, scikit-learn, spark"
"docker, excel, gcp, git, hadoop, r, react, typescript","ci/cd, django, pytorch, scikit-learn, spark",1.0,3.3,0.0,0.0,0.249,"docker, excel, gcp, git, hadoop, r, react, typescript"
"excel, graphql, java, node.js, tensorflow","flask, java, power bi, spark",1.0,0.0,1.0,1.0,0.25,"excel, graphql, node.js, tensorflow"
"airflow, docker, excel, graphql, pytorch, r, scikit-learn","aws, azure, gcp, graphql, kubernetes, sql, spark, tableau",1.0,1.5,1.0,0.0,0.295,"airflow, docker, excel, pytorch, r, scikit-learn"
"etl, git, node.js, python, rest, react, typescript","aws, gcp, graphql, hadoop, javascript, linux, pandas, power bi, sql",1.0,0.7,0.0,0.0,0.171,"etl, git, node.js, python, rest, react, typescript"
"excel, node.js, pandas, react, tableau, tensorflow","airflow, flask, kubernetes, pytorch, sql",1.0,4.3,0.0,0.0,0.279,"excel, node.js, pandas, react, tableau, tensorflow"
"azure, etl, python, scikit-learn, spark","azure, ci/cd, git, graphql, hadoop, java, javascript, power bi, tableau, tensorflow",1.0,2.7,1.0,0.0,0.331,"etl, python, scikit-learn, spark"
"azure, etl, javascript, python, tensorflow","aws, django, etl, git, hadoop, node.js, power bi, sql",1.0,0.0,1.0,0.0,0.25,"azure, javascript, python, tensorflow"
"azure, etl, kubernetes, linux, numpy, spark, typescript","ci/cd, etl, gcp, javascript, linux, r, react",1.0,5.8,2.0,1.0,0.524,"azure, kubernetes, numpy, spark, typescript"
"azure, etl, gcp, git, kubernetes, power bi, r, react","azure, django, java, r",1.0,2.4,2.0,0.0,0.422,"etl, gcp, git, kubernetes, power bi, react"
"docker, flask, gcp, javascript, power bi, scikit-learn, tensorflow","etl, flask, javascript, power bi, react, sql",1.0,3.9,3.0,1.0,0.567,"docker, gcp, scikit-learn, tensorflow"
"docker, etl, excel, flask, git, kubernetes, rest, scikit-learn","airflow, azure, excel, numpy",2.0,0.0,1.0,1.0,0.31,"docker, etl, flask, git, kubernetes, rest, scikit-learn"
"azure, ci/cd, django, docker, flask, sql, spark","excel, flask, javascript, numpy, pytorch, python, sql, scikit-learn, tableau",1.0,2.9,2.0,0.0,0.437,"azure, ci/cd, django, docker, spark"
"aws, django, javascript, r, spark, typescript","etl, excel, gcp, graphql, tableau",1.0,3.0,0.0,1.0,0.24,"aws, django, javascript, r, spark, typescript"
"aws, airflow, graphql, hadoop, sql, typescript","airflow, excel, hadoop, java, javascript, kubernetes, linux, numpy, tensorflow",1.0,1.4,2.0,0.0,0.392,"aws, graphql, sql, typescript"
"azure, etl, java, pytorch, python","aws, excel, flask, java",1.0,3.7,1.0,0.0,0.361,"azure, etl, pytorch, python"
"flask, graphql, java, javascript, kubernetes, tensorflow","airflow, docker, etl, javascript, pandas, r, scikit-learn, spark, typescript",2.0,5.0,1.0,1.0,0.46,"flask, graphql, java, kubernetes, tensorflow"
"ci/cd, etl, gcp, graphql, linux, numpy, tensorflow","airflow, ci/cd, graphql, hadoop, javascript, pandas, sql, tableau",2.0,3.9,2.0,1.0,0.527,"etl, gcp, linux, numpy, tensorflow"
"aws, gcp, hadoop, kubernetes, rest","airflow, django, docker, linux, numpy, r",3.0,5.2,0.0,0.0,0.366,"aws, gcp, hadoop, kubernetes, rest"
"aws, airflow, azure, javascript, pandas, sql, tableau, typescript","ci/cd, hadoop, java, javascript, node.js, python, r, scikit-learn",,3.8,1.0,1.0,0.364,"aws, airflow, azure, pandas, sql, tableau, typescript"
"airflow, docker, flask, node.js, numpy, scikit-learn","azure, django, docker, etl, git, node.js, rest, typescript",3.0,2.5,2.0,0.0,0.485,"airflow, flask, numpy, scikit-learn"
"java, pandas, power bi, python, rest, tableau","django, hadoop, javascript, linux",0.0,2.8,0.0,0.0,0.234,"java, pandas, power bi, python, rest, tableau"
"docker, flask, graphql, javascript, pandas","excel, java, kubernetes, linux, power bi, pytorch, tensorflow",1.0,4.8,0.0,0.0,0.294,"docker, flask, graphql, javascript, pandas"
"aws, django, excel, flask, pandas, pytorch, sql","django, numpy, pandas, pytorch, r, tensorflow",1.0,5.8,3.0,1.0,0.624,"aws, excel, flask, sql"
"aws, airflow, graphql, r, react, sql, spark","aws, azure, ci/cd, django, power bi, sql",1.0,2.4,2.0,0.0,0.422,"airflow, graphql, r, react, spark"
"azure, django, docker, gcp, pandas, sql, tableau","excel, graphql, java, power bi, scikit-learn",1.0,2.5,0.0,1.0,0.225,"azure, django, docker, gcp, pandas, sql, tableau"
"aws, ci/cd, hadoop, linux, pandas, spark","airflow, ci/cd, flask, gcp, java, linux, pandas, r, typescript",1.0,5.7,3.0,1.0,0.621,"aws, hadoop, spark"
"etl, kubernetes, numpy, power bi, python","ci/cd, kubernetes, pytorch, rest, tableau",2.0,3.8,1.0,1.0,0.424,"etl, numpy, power bi, python"
"airflow, docker, linux, rest, react","ci/cd, gcp, kubernetes, power bi, r, scikit-learn, tensorflow, typescript",1.0,0.8,0.0,0.0,0.174,"airflow, docker, linux, rest, react"
"etl, git, java, pandas, pytorch, rest, scikit-learn","azure, kubernetes, pytorch, tableau",2.0,0.4,1.0,0.0,0.322,"etl, git, java, pandas, rest, scikit-learn"
"aws, django, kubernetes, node.js, power bi, r, scikit-learn, typescript","airflow, azure, django, excel, gcp, hadoop, pandas, spark",2.0,2.7,1.0,0.0,0.391,"aws, kubernetes, node.js, power bi, r, scikit-learn, typescript"
"aws, ci/cd, git, hadoop, tableau, tensorflow","gcp, graphql, javascript, linux, pytorch, tableau",2.0,5.8,1.0,0.0,0.484,"aws, ci/cd, git, hadoop, tensorflow"
"gcp, kubernetes, python, react, spark, tableau, tensorflow","gcp, hadoop, kubernetes, sql, tensorflow, typescript",1.0,3.6,3.0,0.0,0.558,"python, react, spark, tableau"
"java, javascript, python, sql, tensorflow","aws, airflow, django, excel, graphql, javascript, python",2.0,3.1,2.0,1.0,0.503,"java, sql, tensorflow"
"airflow, django, docker, numpy, typescript","airflow, django, etl, gcp, javascript, linux, tensorflow, typescript",1.0,0.7,3.0,1.0,0.471,"docker, numpy"
"docker, flask, power bi, tableau, typescript","django, docker, gcp, javascript, linux, pandas, r, sql, tableau",1.0,7.4,2.0,0.0,0.572,"flask, power bi, typescript"
"django, etl, graphql, hadoop, pytorch, python","airflow, excel, gcp, linux, python, tensorflow",1.0,4.3,1.0,1.0,0.379,"django, etl, graphql, hadoop, pytorch"
"aws, airflow, etl, graphql, java, pandas, scikit-learn","azure, docker, etl, kubernetes, linux, pandas, r, sql, tensorflow",1.0,4.0,2.0,0.0,0.47,"aws, airflow, graphql, java, scikit-learn"
"excel, flask, java, node.js, python, scikit-learn","excel, java, javascript, numpy, tableau, typescript",1.0,4.0,2.0,0.0,0.47,"flask, node.js, python, scikit-learn"
"airflow, docker, git, hadoop, numpy, python","airflow, django, hadoop, linux, pandas, spark, tableau",2.0,0.0,2.0,0.0,0.41,"docker, git, numpy, python"
"airflow, azure, etl, numpy, pytorch, r, typescript","aws, power bi, python, r, rest, react, spark",2.0,1.0,1.0,1.0,0.34,"airflow, azure, etl, numpy, pytorch, typescript"
"airflow, java, kubernetes, node.js, numpy, power bi, r","aws, docker, gcp, git, python, tableau, tensorflow",1.0,2.9,0.0,0.0,0.237,"airflow, java, kubernetes, node.js, numpy, power bi, r"
"graphql, java, numpy, rest, react, scikit-learn, tensorflow, typescript","hadoop, javascript, node.js, pandas, react",2.0,6.8,1.0,1.0,0.514,"graphql, java, numpy, rest, scikit-learn, tensorflow, typescript"
"airflow, docker, flask, graphql, java, react","aws, azure, ci/cd, excel, git, kubernetes, node.js, sql, scikit-learn",1.0,5.4,0.0,0.0,0.312,"airflow, docker, flask, graphql, java, react"
"django, etl, javascript, rest, spark","aws, flask, gcp, hadoop, javascript, numpy, pandas, power bi",0.0,6.3,1.0,1.0,0.439,"django, etl, rest, spark"
"gcp, graphql, hadoop, rest, tensorflow, typescript","azure, etl, graphql, power bi, python, tensorflow",3.0,3.6,2.0,0.0,0.518,"gcp, hadoop, rest, typescript"
"django, gcp, graphql, java, kubernetes, python, r, react","azure, etl, excel, flask, gcp, java, kubernetes, sql, scikit-learn, typescript",2.0,0.8,3.0,0.0,0.534,"django, graphql, python, r, react"
"azure, django, excel, python, react","docker, java, javascript, linux, pandas, tableau",1.0,3.0,0.0,0.0,0.24,"azure, django, excel, python, react"
"airflow, docker, git, graphql, r","aws, ci/cd, django, git, javascript, pytorch, python, r",1.0,6.3,2.0,0.0,0.539,"airflow, docker, graphql"
"ci/cd, django, kubernetes, numpy, pytorch, python","aws, git, hadoop, java, kubernetes, node.js, rest, tensorflow",1.0,4.5,1.0,0.0,0.385,"ci/cd, django, numpy, pytorch, python"
"aws, azure, docker, hadoop, power bi, pytorch, rest, typescript","aws, power bi, python, typescript",1.0,3.8,3.0,1.0,0.564,"azure, docker, hadoop, pytorch, rest"
"airflow, ci/cd, node.js, power bi, pytorch, scikit-learn, spark","azure, excel, java, javascript, python, rest, tensorflow",1.0,0.8,0.0,0.0,0.174,"airflow, ci/cd, node.js, power bi, pytorch, scikit-learn, spark"
"azure, flask, git, power bi, r","aws, azure, excel, graphql, numpy, pandas, power bi, tableau, tensorflow",3.0,5.5,2.0,1.0,0.575,"flask, git, r"
"ci/cd, docker, etl, graphql, kubernetes, power bi, r","django, gcp, graphql, node.js, tableau",0.0,6.6,1.0,1.0,0.448,"ci/cd, docker, etl, kubernetes, power bi, r"
"airflow, django, hadoop, kubernetes, linux, pytorch, rest, scikit-learn","airflow, flask, gcp, git, kubernetes, r, react",1.0,3.2,2.0,0.0,0.446,"django, hadoop, linux, pytorch, rest, scikit-learn"
"azure, flask, hadoop, power bi, python, scikit-learn","hadoop, javascript, node.js, python, tensorflow",1.0,0.7,2.0,0.0,0.371,"azure, flask, power bi, scikit-learn"
"airflow, django, java, rest, react, tensorflow","git, hadoop, numpy, pandas, power bi, pytorch, python, rest, tableau",2.0,3.3,1.0,0.0,0.409,"airflow, django, java, react, tensorflow"
"ci/cd, java, kubernetes, numpy, pytorch, tableau","etl, gcp, git, hadoop, python, sql",1.0,3.2,0.0,0.0,0.246,"ci/cd, java, kubernetes, numpy, pytorch, tableau"
"airflow, azure, javascript, linux, power bi, r, tableau","aws, django, docker, etl, numpy, spark, tableau",1.0,2.7,1.0,0.0,0.331,"airflow, azure, javascript, linux, power bi, r"
"aws, ci/cd, docker, graphql, numpy, python","airflow, git, javascript, kubernetes, numpy, r, typescript",3.0,4.7,1.0,0.0,0.451,"aws, ci/cd, docker, graphql, python"
"airflow, azure, docker, flask, kubernetes, tableau","aws, graphql, javascript, node.js, numpy, power bi, sql, spark, typescript",1.0,3.3,0.0,0.0,0.249,"airflow, azure, docker, flask, kubernetes, tableau"
"django, flask, java, linux, r, spark, typescript","django, excel, graphql, rest, tensorflow",3.0,1.6,1.0,0.0,0.358,"flask, java, linux, r, spark, typescript"
"aws, ci/cd, etl, node.js, pandas, r, typescript","azure, django, linux, power bi, pytorch, python, scikit-learn, spark, tensorflow",1.0,3.7,0.0,0.0,0.261,"aws, ci/cd, etl, node.js, pandas, r, typescript"
"ci/cd, flask, graphql, kubernetes, linux, sql","airflow, azure, docker, gcp, git, python, rest, sql",1.0,6.6,1.0,1.0,0.448,"ci/cd, flask, graphql, kubernetes, linux"
"airflow, git, node.js, power bi, r, spark","aws, airflow, node.js, tensorflow",2.0,3.0,2.0,1.0,0.5,"git, power bi, r, spark"
"azure, django, etl, excel, java, power bi, typescript","azure, graphql, kubernetes, r, spark",3.0,2.9,1.0,0.0,0.397,"django, etl, excel, java, power bi, typescript"
"docker, etl, graphql, hadoop, kubernetes, r, sql","azure, docker, etl, javascript, kubernetes, numpy, power bi, rest, spark",3.0,4.3,3.0,1.0,0.639,"graphql, hadoop, r, sql"
"aws, ci/cd, javascript, linux, pandas, power bi, scikit-learn","azure, java, react, tensorflow",1.0,0.1,0.0,1.0,0.153,"aws, ci/cd, javascript, linux, pandas, power bi, scikit-learn"
"aws, django, graphql, javascript, kubernetes, pandas, python, tensorflow","gcp, git, graphql, scikit-learn, typescript",1.0,5.4,1.0,1.0,0.412,"aws, django, javascript, kubernetes, pandas, python, tensorflow"
"excel, linux, node.js, r, typescript","etl, kubernetes, numpy, scikit-learn, tensorflow",1.0,4.9,0.0,0.0,0.297,"excel, linux, node.js, r, typescript"
"etl, flask, java, kubernetes, power bi, pytorch","gcp, kubernetes, linux, node.js, pandas",2.0,0.6,1.0,0.0,0.328,"etl, flask, java, power bi, pytorch"
"airflow, flask, gcp, hadoop, sql, scikit-learn, spark","ci/cd, docker, etl, graphql, numpy, pandas, r, scikit-learn, typescript",2.0,3.0,1.0,1.0,0.4,"airflow, flask, gcp, hadoop, sql, spark"
"aws, ci/cd, flask, kubernetes, react, typescript","django, etl, excel, numpy, pandas, python, tableau",2.0,5.0,0.0,0.0,0.36,"aws, ci/cd, flask, kubernetes, react, typescript"
"django, gcp, graphql, java, tableau","docker, etl, linux, power bi, r, scikit-learn, spark",1.0,4.1,0.0,0.0,0.273,"django, gcp, graphql, java, tableau"
"flask, gcp, javascript, react, sql, tableau","graphql, java, kubernetes, numpy, rest, spark, tensorflow, typescript",1.0,0.4,0.0,0.0,0.162,"flask, gcp, javascript, react, sql, tableau"
"docker, excel, power bi, rest, react","azure, django, excel, kubernetes, numpy, pandas, pytorch, python",1.0,5.9,1.0,1.0,0.427,"docker, power bi, rest, react"
"aws, excel, flask, kubernetes, linux, pandas, pytorch, react","django, hadoop, node.js, sql, scikit-learn",2.0,2.1,0.0,0.0,0.273,"aws, excel, flask, kubernetes, linux, pandas, pytorch, react"
"git, numpy, r, spark, tableau, typescript","gcp, java, kubernetes, react, scikit-learn",1.0,0.8,0.0,0.0,0.174,"git, numpy, r, spark, tableau, typescript"
"docker, graphql, javascript, pandas, react, spark, tableau, tensorflow","ci/cd, excel, graphql, react, tableau, tensorflow",1.0,2.3,4.0,0.0,0.619,"docker, javascript, pandas, spark"
"javascript, pandas, pytorch, sql, tableau, tensorflow","airflow, ci/cd, django, gcp, kubernetes, numpy, pandas, python",1.0,2.4,1.0,0.0,0.322,"javascript, pytorch, sql, tableau, tensorflow"
"docker, flask, pytorch, python, r","graphql, power bi, rest, sql",1.0,4.3,0.0,1.0,0.279,"docker, flask, pytorch, python, r"
"aws, ci/cd, java, python, spark","azure, django, flask, hadoop, kubernetes, node.js, numpy, r, sql, typescript",0.0,4.8,0.0,0.0,0.294,"aws, ci/cd, java, python, spark"
"aws, java, kubernetes, node.js, scikit-learn, tensorflow","flask, linux, numpy, r, spark",2.0,4.8,0.0,0.0,0.354,"aws, java, kubernetes, node.js, scikit-learn, tensorflow"
"aws, gcp, kubernetes, node.js, r","kubernetes, linux, python, tensorflow, typescript",1.0,3.3,1.0,0.0,0.349,"aws, gcp, node.js, r"
"azure, docker, flask, graphql, node.js, power bi","airflow, django, docker, graphql, java, pandas, pytorch, python, r, spark",2.0,3.6,2.0,0.0,0.518,"azure, flask, node.js, power bi"
"aws, django, docker, etl, java, javascript","hadoop, node.js, pandas, python, rest, sql, typescript",1.0,3.9,0.0,0.0,0.267,"aws, django, docker, etl, java, javascript"
"ci/cd, git, kubernetes, python, react","aws, django, etl, power bi, pytorch, typescript",2.0,7.5,0.0,0.0,0.435,"ci/cd, git, kubernetes, python, react"
"etl, pytorch, react, tableau, tensorflow","airflow, django, flask, javascript, kubernetes, rest, scikit-learn, tensorflow",2.0,5.8,1.0,1.0,0.484,"etl, pytorch, react, tableau"
"etl, flask, power bi, pytorch, python","aws, azure, excel, flask, graphql, hadoop, pytorch, r, spark, typescript",1.0,4.3,2.0,1.0,0.479,"etl, power bi, python"
"gcp, git, hadoop, node.js, numpy, pandas, sql","azure, kubernetes, pandas, python, scikit-learn, spark, typescript",1.0,4.8,1.0,1.0,0.394,"gcp, git, hadoop, node.js, numpy, sql"
"ci/cd, django, etl, excel, gcp, graphql, java, rest","ci/cd, graphql, hadoop, kubernetes, pandas, power bi, r, rest, react, sql",1.0,2.2,3.0,1.0,0.516,"django, etl, excel, gcp, java"
"aws, django, graphql, hadoop, linux","aws, airflow, graphql, hadoop, kubernetes, python, typescript",2.0,1.9,3.0,1.0,0.567,"django, linux"
"azure, etl, kubernetes, linux, power bi, scikit-learn, tensorflow","azure, ci/cd, django, docker, excel, git, python, r, rest",1.0,6.1,1.0,0.0,0.433,"etl, kubernetes, linux, power bi, scikit-learn, tensorflow"
"docker, graphql, kubernetes, pandas, r, scikit-learn, tableau","git, hadoop, react, scikit-learn",3.0,0.8,1.0,0.0,0.334,"docker, graphql, kubernetes, pandas, r, tableau"
"django, hadoop, pytorch, spark, tableau","ci/cd, django, etl, sql",1.0,1.9,1.0,1.0,0.307,"hadoop, pytorch, spark, tableau"
"django, docker, git, hadoop, power bi, r, rest","ci/cd, graphql, hadoop, typescript",1.0,5.3,1.0,1.0,0.409,"django, docker, git, power bi, r, rest"
"flask, java, javascript, numpy, pandas, sql","ci/cd, django, etl, flask, r",2.0,4.8,1.0,0.0,0.454,"java, javascript, numpy, pandas, sql"
"etl, node.js, power bi, r, rest, sql, tableau","excel, gcp, numpy, pytorch, sql, scikit-learn, tableau, typescript",1.0,0.0,2.0,1.0,0.35,"etl, node.js, power bi, r, rest"
"airflow, etl, numpy, power bi, pytorch, r, react","excel, javascript, kubernetes, numpy, r, rest, sql, tableau",1.0,3.3,2.0,0.0,0.449,"airflow, etl, power bi, pytorch, react"
"aws, azure, django, excel, git, java, sql, spark","ci/cd, excel, gcp, pandas, rest, spark",1.0,5.3,2.0,0.0,0.509,"aws, azure, django, git, java, sql"
"airflow, azure, django, docker, etl","etl, excel, graphql, javascript, node.js, pandas, sql, tableau",1.0,0.7,1.0,0.0,0.271,"airflow, azure, django, docker"
"aws, airflow, azure, numpy, pandas, spark","aws, airflow, django, flask, graphql, hadoop, java, kubernetes, linux, pytorch",1.0,7.1,2.0,0.0,0.563,"azure, numpy, pandas, spark"
"aws, django, graphql, node.js, r, tensorflow","airflow, graphql, hadoop, linux, node.js, numpy, power bi, python, rest, react",2.0,2.6,2.0,1.0,0.488,"aws, django, r, tensorflow"
"ci/cd, git, node.js, python, sql, tensorflow","azure, django, gcp, javascript, pytorch",1.0,5.8,0.0,0.0,0.324,"ci/cd, git, node.js, python, sql, tensorflow"
"aws, azure, django, etl, git, rest","aws, ci/cd, docker, python",3.0,3.2,1.0,1.0,0.406,"azure, django, etl, git, rest"
"airflow, ci/cd, django, pandas, power bi, rest, tensorflow","aws, ci/cd, docker, rest, sql",1.0,6.2,2.0,0.0,0.536,"airflow, django, pandas, power bi, tensorflow"
"etl, flask, javascript, linux, node.js, pandas","etl, flask, kubernetes, spark",1.0,3.2,2.0,1.0,0.446,"javascript, linux, node.js, pandas"
"gcp, git, javascript, pandas, pytorch, python, r, spark","django, excel, node.js, pytorch, r",2.0,3.4,2.0,1.0,0.512,"gcp, git, javascript, pandas, python, spark"
"azure, docker, etl, git, graphql, numpy, rest, tensorflow","git, pandas, scikit-learn, spark",2.0,1.6,1.0,1.0,0.358,"azure, docker, etl, graphql, numpy, rest, tensorflow"
"azure, graphql, numpy, power bi, pytorch, typescript","azure, flask, pandas, pytorch, rest",2.0,2.5,2.0,0.0,0.485,"graphql, numpy, power bi, typescript"
"etl, excel, flask, java, javascript, pandas","linux, pandas, power bi, tensorflow",1.0,7.3,1.0,0.0,0.469,"etl, excel, flask, java, javascript"
"azure, django, docker, hadoop, kubernetes, scikit-learn, spark, typescript","aws, airflow, gcp, linux, python, scikit-learn",2.0,4.7,1.0,0.0,0.451,"azure, django, docker, hadoop, kubernetes, spark, typescript"
"airflow, azure, etl, javascript, power bi, sql, scikit-learn, spark","gcp, git, pandas, python, sql, tableau",1.0,3.9,1.0,0.0,0.367,"airflow, azure, etl, javascript, power bi, scikit-learn, spark"
"aws, airflow, graphql, kubernetes, numpy, r","docker, etl, excel, r, sql, tableau",2.0,0.9,1.0,1.0,0.337,"aws, airflow, graphql, kubernetes, numpy"
"aws, docker, gcp, java, node.js, pytorch, scikit-learn, typescript","django, etl, graphql, kubernetes, linux, pytorch",1.0,2.6,1.0,0.0,0.328,"aws, docker, gcp, java, node.js, scikit-learn, typescript"
"gcp, node.js, power bi, tableau, tensorflow","django, docker, git, numpy, pytorch, react, spark, typescript",1.0,2.8,0.0,1.0,0.234,"gcp, node.js, power bi, tableau, tensorflow"
"aws, ci/cd, kubernetes, power bi, r, sql, tensorflow","aws, etl, r, spark, tableau, tensorflow",1.0,3.8,3.0,1.0,0.564,"ci/cd, kubernetes, power bi, sql"
"aws, azure, docker, linux, power bi, pytorch, r","flask, java, kubernetes, r, rest, tableau",1.0,4.7,1.0,0.0,0.391,"aws, azure, docker, linux, power bi, pytorch"
"aws, docker, javascript, python, sql","ci/cd, django, git, java, kubernetes, node.js, numpy, power bi, tensorflow, typescript",1.0,3.8,0.0,0.0,0.264,"aws, docker, javascript, python, sql"
"azure, pytorch, rest, sql, tensorflow","airflow, django, kubernetes, numpy, pandas, power bi, pytorch, rest, tableau, typescript",2.0,3.4,2.0,1.0,0.512,"azure, sql, tensorflow"
"docker, hadoop, java, numpy, tensorflow","gcp, git, rest, tableau",1.0,4.0,0.0,0.0,0.27,"docker, hadoop, java, numpy, tensorflow"
"azure, etl, power bi, rest, sql","docker, graphql, java, numpy, power bi, pytorch, r, react, tableau",1.0,4.0,1.0,0.0,0.37,"azure, etl, rest, sql"
"airflow, ci/cd, flask, rest, scikit-learn, typescript","airflow, django, flask, git, hadoop, numpy, python, r, tensorflow",3.0,5.3,2.0,1.0,0.569,"ci/cd, rest, scikit-learn, typescript"
"airflow, ci/cd, docker, hadoop, pandas, r, tensorflow","ci/cd, node.js, pytorch, typescript",0.0,4.6,1.0,0.0,0.388,"airflow, docker, hadoop, pandas, r, tensorflow"
"aws, airflow, gcp, javascript, sql, tableau, tensorflow","aws, ci/cd, excel, flask, graphql, javascript, kubernetes, linux, numpy, react",2.0,3.7,2.0,1.0,0.521,"airflow, gcp, sql, tableau, tensorflow"
"aws, javascript, power bi, python, rest, react, tableau","airflow, graphql, python, r, tableau",1.0,6.7,2.0,0.0,0.551,"aws, javascript, power bi, rest, react"
"aws, docker, gcp, git, kubernetes, numpy, sql","aws, azure, docker, etl, gcp, kubernetes, numpy, sql, typescript",1.0,4.6,6.0,1.0,0.888,git
"django, linux, node.js, numpy, scikit-learn, spark","excel, git, r, scikit-learn, tableau",1.0,2.0,1.0,0.0,0.31,"django, linux, node.js, numpy, spark"
"airflow, javascript, kubernetes, pandas, typescript","azure, django, excel, node.js, numpy, r",1.0,5.7,0.0,1.0,0.321,"airflow, javascript, kubernetes, pandas, typescript"
"ci/cd, django, excel, graphql, hadoop, rest, tensorflow","azure, graphql, hadoop, node.js, pandas, react, spark",1.0,0.8,2.0,0.0,0.374,"ci/cd, django, excel, rest, tensorflow"
"java, react, scikit-learn, tableau, tensorflow","azure, ci/cd, graphql, node.js, power bi",2.0,1.3,0.0,0.0,0.249,"java, react, scikit-learn, tableau, tensorflow"
"docker, flask, gcp, hadoop, sql","docker, linux, r, sql, tableau",1.0,1.5,2.0,1.0,0.395,"flask, gcp, hadoop"
"ci/cd, excel, kubernetes, linux, tensorflow","flask, gcp, javascript, sql, tableau",3.0,0.0,0.0,0.0,0.21,"ci/cd, excel, kubernetes, linux, tensorflow"
"azure, git, power bi, sql, scikit-learn, spark, tableau","aws, docker, flask, java, power bi, tableau",1.0,2.3,2.0,0.0,0.419,"azure, git, sql, scikit-learn, spark"
"airflow, django, excel, java, node.js, scikit-learn, tensorflow","azure, flask, r, scikit-learn, tableau",1.0,1.9,1.0,0.0,0.307,"airflow, django, excel, java, node.js, tensorflow"
"flask, git, graphql, linux, python, typescript","airflow, django, docker, graphql, javascript, kubernetes, r, sql, scikit-learn, tableau",0.0,0.0,1.0,0.0,0.25,"flask, git, linux, python, typescript"
"etl, git, graphql, linux, power bi, sql, scikit-learn","aws, airflow, django, flask, python, react, spark, tableau, typescript",1.0,1.8,0.0,0.0,0.204,"etl, git, graphql, linux, power bi, sql, scikit-learn"
"ci/cd, docker, gcp, linux, pandas, tableau","airflow, docker, flask, java, numpy, pandas, rest, tensorflow",1.0,4.4,2.0,1.0,0.482,"ci/cd, gcp, linux, tableau"
"django, docker, graphql, linux, react","django, graphql, linux, tensorflow",2.0,3.7,3.0,1.0,0.621,"docker, react"
"graphql, node.js, power bi, sql, spark, typescript","etl, pandas, r, rest, sql",2.0,3.2,1.0,0.0,0.406,"graphql, node.js, power bi, spark, typescript"
"aws, airflow, hadoop, kubernetes, rest","django, pandas, power bi, r, tensorflow",1.0,0.6,0.0,0.0,0.168,"aws, airflow, hadoop, kubernetes, rest"
"azure, django, docker, etl, graphql, pandas, tableau, tensorflow","azure, flask, graphql, node.js, sql",1.0,2.8,2.0,1.0,0.434,"django, docker, etl, pandas, tableau, tensorflow"
"airflow, azure, graphql, pandas, pytorch, python, react, spark","aws, azure, excel, flask, hadoop, linux, rest, scikit-learn, tableau",3.0,7.6,1.0,1.0,0.538,"airflow, graphql, pandas, pytorch, python, react, spark"
"ci/cd, flask, kubernetes, r, tableau, tensorflow","azure, etl, excel, gcp, power bi, scikit-learn, typescript",1.0,6.0,0.0,0.0,0.33,"ci/cd, flask, kubernetes, r, tableau, tensorflow"
"airflow, azure, django, excel, graphql, linux, pandas, spark","airflow, azure, ci/cd, excel, flask, kubernetes, scikit-learn, tableau",1.0,6.3,3.0,1.0,0.639,"django, graphql, linux, pandas, spark"
"azure, django, docker, node.js, python, scikit-learn, spark","java, pandas, power bi, typescript",2.0,1.8,0.0,0.0,0.264,"azure, django, docker, node.js, python, scikit-learn, spark"
"aws, git, power bi, react, sql","airflow, excel, linux, numpy, pandas, pytorch, r, rest, spark",1.0,1.4,0.0,0.0,0.192,"aws, git, power bi, react, sql"
"excel, kubernetes, linux, sql, tableau","airflow, ci/cd, django, docker, java, linux, node.js, r, rest, tensorflow",0.0,7.3,1.0,0.0,0.469,"excel, kubernetes, sql, tableau"
"gcp, javascript, kubernetes, power bi, pytorch, rest, react","aws, django, node.js, pandas, power bi, r, typescript",2.0,0.9,1.0,1.0,0.337,"gcp, javascript, kubernetes, pytorch, rest, react"
"aws, airflow, azure, python, typescript","django, linux, node.js, spark",1.0,8.7,0.0,1.0,0.411,"aws, airflow, azure, python, typescript"
"etl, gcp, kubernetes, numpy, sql","airflow, ci/cd, etl, excel, flask, gcp, hadoop, rest, sql, typescript",3.0,4.7,3.0,0.0,0.651,"kubernetes, numpy"
"azure, excel, hadoop, pandas, power bi, pytorch, python","flask, power bi, sql, scikit-learn",1.0,4.6,1.0,0.0,0.388,"azure, excel, hadoop, pandas, pytorch, python"
"django, excel, pandas, pytorch, spark, tensorflow","ci/cd, django, flask, hadoop, linux, power bi, react",3.0,5.8,1.0,1.0,0.484,"excel, pandas, pytorch, spark, tensorflow"
"etl, flask, graphql, linux, numpy, rest, scikit-learn, tableau","django, gcp, git, linux, pytorch, r, react, tableau",2.0,6.5,2.0,1.0,0.605,"etl, flask, graphql, numpy, rest, scikit-learn"
"aws, django, git, kubernetes, node.js, spark","azure, ci/cd, docker, flask, kubernetes, power bi, react",2.0,5.1,1.0,1.0,0.463,"aws, django, git, node.js, spark"
"aws, docker, hadoop, linux, tensorflow, typescript","aws, airflow, ci/cd, django, docker, git, linux, rest",2.0,4.1,3.0,0.0,0.633,"hadoop, tensorflow, typescript"
"aws, azure, docker, excel, power bi, react, tableau, tensorflow","airflow, numpy, react, scikit-learn, tableau, typescript",3.0,3.8,2.0,0.0,0.524,"aws, azure, docker, excel, power bi, tensorflow"
"airflow, ci/cd, django, pytorch, spark, tableau","graphql, java, numpy, pandas, pytorch, python, rest, sql, tensorflow, typescript",3.0,6.0,1.0,0.0,0.49,"airflow, ci/cd, django, spark, tableau"
"ci/cd, docker, etl, excel, gcp, node.js, pytorch, spark","aws, airflow, django, excel, flask, git, graphql, hadoop, linux, sql",2.0,0.6,1.0,1.0,0.328,"ci/cd, docker, etl, gcp, node.js, pytorch, spark"
"git, graphql, power bi, pytorch, tensorflow","airflow, gcp, graphql, hadoop, power bi, rest, react, sql",1.0,6.3,2.0,0.0,0.539,"git, pytorch, tensorflow"
"graphql, java, kubernetes, scikit-learn, spark","aws, airflow, django, graphql, r, react, scikit-learn",2.0,2.7,2.0,1.0,0.491,"java, kubernetes, spark"
"azure, ci/cd, django, etl, python, typescript","airflow, excel, java, node.js, numpy, pytorch, sql",2.0,2.8,0.0,0.0,0.294,"azure, ci/cd, django, etl, python, typescript"
"excel, flask, java, kubernetes, node.js, rest, sql, scikit-learn","excel, gcp, linux, numpy, spark",1.0,3.6,1.0,0.0,0.358,"flask, java, kubernetes, node.js, rest, sql, scikit-learn"
"airflow, etl, gcp, javascript, linux, tableau","gcp, power bi, pytorch, scikit-learn, spark",1.0,2.9,1.0,1.0,0.337,"airflow, etl, javascript, linux, tableau"
"docker, excel, graphql, pandas, spark","airflow, ci/cd, flask, linux, r, react, typescript",3.0,4.8,0.0,0.0,0.354,"docker, excel, graphql, pandas, spark"
"azure, etl, node.js, numpy, r","airflow, graphql, javascript, node.js, rest, tableau",1.0,4.0,1.0,1.0,0.37,"azure, etl, numpy, r"
"ci/cd, hadoop, node.js, power bi, tensorflow","aws, git, hadoop, pandas, r, typescript",1.0,5.1,1.0,1.0,0.403,"ci/cd, node.js, power bi, tensorflow"
"airflow, graphql, numpy, power bi, scikit-learn, spark, tensorflow","azure, etl, excel, gcp, javascript, numpy, pandas, power bi, r, react",2.0,3.8,2.0,1.0,0.524,"airflow, graphql, scikit-learn, spark, tensorflow"
"azure, docker, flask, gcp, node.js, python, scikit-learn","ci/cd, django, pytorch, r, react",1.0,4.1,0.0,1.0,0.273,"azure, docker, flask, gcp, node.js, python, scikit-learn"
"aws, excel, git, graphql, hadoop, node.js, tableau, tensorflow","excel, flask, git, graphql, javascript, linux, pandas, typescript",2.0,5.6,3.0,0.0,0.678,"aws, hadoop, node.js, tableau, tensorflow"
"azure, graphql, linux, pandas, pytorch, spark","azure, django, docker, excel, hadoop, linux, numpy, pytorch, tableau, typescript",1.0,3.5,3.0,0.0,0.555,"graphql, pandas, spark"
"aws, etl, flask, hadoop, rest, scikit-learn","azure, gcp, git, hadoop, numpy, pandas, power bi, scikit-learn",1.0,2.8,2.0,0.0,0.434,"aws, etl, flask, rest"
"git, pandas, react, sql, tableau, tensorflow","gcp, git, javascript, numpy, pandas",0.0,6.3,2.0,0.0,0.539,"react, sql, tableau, tensorflow"
"azure, gcp, javascript, pandas, power bi, tensorflow","airflow, gcp, graphql, hadoop, javascript, node.js, numpy, power bi, pytorch, tensorflow",1.0,1.5,4.0,1.0,0.595,"azure, pandas"
"airflow, django, docker, etl, hadoop, java, spark, typescript","gcp, git, graphql, sql",1.0,2.1,0.0,0.0,0.213,"airflow, django, docker, etl, hadoop, java, spark, typescript"
"aws, flask, gcp, hadoop, numpy, pandas, sql, tableau","django, java, numpy, power bi, sql, scikit-learn, tableau",1.0,2.3,3.0,1.0,0.519,"aws, flask, gcp, hadoop, pandas"
"azure, ci/cd, excel, git, javascript, rest, spark","aws, ci/cd, etl, gcp, hadoop, kubernetes, pytorch, rest",1.0,5.6,2.0,1.0,0.518,"azure, excel, git, javascript, spark"
"excel, gcp, git, javascript, linux","ci/cd, django, docker, etl, rest, spark, typescript",1.0,6.3,0.0,0.0,0.339,"excel, gcp, git, javascript, linux"
"airflow, django, javascript, react, spark","django, spark, tableau, tensorflow",1.0,4.9,2.0,1.0,0.497,"airflow, javascript, react"
"ci/cd, django, hadoop, kubernetes, react, sql","gcp, git, kubernetes, numpy, pandas, pytorch, r, rest",1.0,4.2,1.0,0.0,0.376,"ci/cd, django, hadoop, react, sql"
"ci/cd, flask, kubernetes, pytorch, react, sql, tableau","ci/cd, django, docker, etl, gcp, hadoop, kubernetes, pandas, power bi, react",1.0,0.7,3.0,0.0,0.471,"flask, pytorch, sql, tableau"
"django, etl, gcp, linux, pandas, typescript","ci/cd, hadoop, java, javascript, linux, pytorch, react",1.0,1.2,1.0,0.0,0.286,"django, etl, gcp, pandas, typescript"
"azure, ci/cd, etl, excel, java, pandas, r, react","git, python, r, spark, tensorflow, typescript",3.0,6.6,1.0,1.0,0.508,"azure, ci/cd, etl, excel, java, pandas, react"
"excel, flask, python, spark, tableau, typescript","aws, flask, gcp, git, hadoop, kubernetes, numpy, power bi, spark, tensorflow",2.0,1.2,2.0,0.0,0.446,"excel, python, tableau, typescript"
"azure, flask, hadoop, java, rest, react, spark, tableau","airflow, azure, ci/cd, django, hadoop, kubernetes, r, rest, scikit-learn",2.0,4.1,3.0,1.0,0.633,"flask, java, react, spark, tableau"
"airflow, etl, pandas, r, sql, tensorflow","django, docker, etl, gcp, graphql, node.js, pandas, power bi, r, typescript",1.0,5.0,3.0,1.0,0.6,"airflow, sql, tensorflow"
"airflow, ci/cd, docker, etl, excel, git, java, tableau","aws, gcp, javascript, node.js, power bi, pytorch",3.0,3.3,0.0,0.0,0.309,"airflow, ci/cd, docker, etl, excel, git, java, tableau"
"java, linux, rest, spark, typescript","flask, scikit-learn, tensorflow, typescript",1.0,4.6,1.0,1.0,0.388,"java, linux, rest, spark"
"aws, ci/cd, django, hadoop, power bi, react, tensorflow","azure, ci/cd, etl, excel, node.js, pandas",1.0,2.7,1.0,0.0,0.331,"aws, django, hadoop, power bi, react, tensorflow"
"aws, docker, flask, gcp, pytorch, react, scikit-learn, typescript","numpy, power bi, pytorch, react, tableau, typescript",0.0,1.2,3.0,1.0,0.486,"aws, docker, flask, gcp, scikit-learn"
"aws, ci/cd, excel, javascript, linux, pytorch, rest, spark","docker, excel, tensorflow, typescript",2.0,3.0,1.0,0.0,0.4,"aws, ci/cd, javascript, linux, pytorch, rest, spark"
"aws, etl, flask, javascript, power bi, tableau","aws, django, etl, rest",1.0,3.5,2.0,1.0,0.455,"flask, javascript, power bi, tableau"
"aws, ci/cd, docker, gcp, git, linux, tableau","aws, airflow, ci/cd, docker, etl, flask, numpy",1.0,5.7,3.0,0.0,0.621,"gcp, git, linux, tableau"
"ci/cd, flask, java, linux, node.js, pytorch, r, react","aws, django, gcp, hadoop, pandas",1.0,2.6,0.0,0.0,0.228,"ci/cd, flask, java, linux, node.js, pytorch, r, react"
"pandas, r, react, sql, scikit-learn, spark, tableau, typescript","airflow, azure, kubernetes, power bi, r, react",1.0,2.8,2.0,0.0,0.434,"pandas, sql, scikit-learn, spark, tableau, typescript"
"azure, git, java, linux, r, rest","ci/cd, hadoop, javascript, pandas, sql, tableau, typescript",2.0,0.9,0.0,0.0,0.237,"azure, git, java, linux, r, rest"
"etl, graphql, hadoop, power bi, pytorch, spark, typescript","etl, git, hadoop, numpy, pandas, power bi, r, react",1.0,5.2,3.0,0.0,0.606,"graphql, pytorch, spark, typescript"
"azure, django, docker, excel, power bi","aws, azure, flask, git, graphql, java, kubernetes, numpy, sql, typescript",1.0,8.4,1.0,1.0,0.502,"django, docker, excel, power bi"
"docker, r, rest, sql, tableau, tensorflow","airflow, excel, java, power bi, tensorflow, typescript",2.0,7.7,1.0,0.0,0.541,"docker, r, rest, sql, tableau"
"graphql, java, javascript, kubernetes, r, rest","kubernetes, numpy, pytorch, python, react, sql",2.0,6.1,1.0,1.0,0.493,"graphql, java, javascript, r, rest"
"azure, django, git, sql, tensorflow, typescript","azure, django, docker, etl, rest, sql, tensorflow, typescript",2.0,3.4,5.0,1.0,0.812,git
"django, docker, gcp, power bi, python, tableau","azure, linux, power bi, tableau, tensorflow",1.0,4.1,2.0,1.0,0.473,"django, docker, gcp, python"
"django, hadoop, java, javascript, linux, numpy, react, scikit-learn","ci/cd, etl, git, graphql, javascript, node.js, power bi, typescript",1.0,3.5,1.0,1.0,0.355,"django, hadoop, java, linux, numpy, react, scikit-learn"
"airflow, docker, hadoop, power bi, python, tableau","docker, gcp, graphql, javascript, sql, spark",1.0,3.4,1.0,0.0,0.352,"airflow, hadoop, power bi, python, tableau"
"ci/cd, docker, gcp, pandas, python, typescript","gcp, java, linux, node.js, pandas, tableau",3.0,8.2,2.0,0.0,0.656,"ci/cd, docker, python, typescript"
"aws, azure, excel, python, scikit-learn, tensorflow","aws, azure, django, etl, flask, java, power bi, python, spark",1.0,3.2,3.0,0.0,0.546,"excel, scikit-learn, tensorflow"
"aws, airflow, azure, django, java, javascript, numpy, react","django, git, numpy, pandas",0.0,3.4,2.0,0.0,0.452,"aws, airflow, azure, java, javascript, react"
"ci/cd, docker, excel, graphql, node.js, pytorch, tableau, typescript","aws, etl, flask, gcp, sql, tableau, tensorflow",2.0,4.1,1.0,1.0,0.433,"ci/cd, docker, excel, graphql, node.js, pytorch, typescript"
"excel, flask, node.js, pandas, power bi, python, r, tensorflow","docker, gcp, git, graphql, linux, node.js, pandas, python, sql, scikit-learn",1.0,2.0,3.0,0.0,0.51,"excel, flask, power bi, r, tensorflow"
"airflow, gcp, java, kubernetes, node.js","etl, flask, graphql, numpy, r, react, scikit-learn, spark, tensorflow, typescript",3.0,4.0,0.0,0.0,0.33,"airflow, gcp, java, kubernetes, node.js"
"django, excel, java, node.js, numpy, pytorch, scikit-learn","django, hadoop, java, javascript, rest, react, spark",1.0,2.8,2.0,1.0,0.434,"excel, node.js, numpy, pytorch, scikit-learn"
"etl, gcp, hadoop, kubernetes, rest, spark, typescript","django, gcp, hadoop, javascript, kubernetes, node.js, rest",1.0,3.3,4.0,0.0,0.649,"etl, spark, typescript"
"docker, gcp, graphql, linux, node.js, python, spark","docker, gcp, hadoop, kubernetes, pytorch, tensorflow",1.0,2.1,2.0,0.0,0.413,"graphql, linux, node.js, python, spark"
"airflow, gcp, hadoop, sql, spark","airflow, azure, docker, graphql, hadoop, java, pandas, rest, scikit-learn",1.0,0.7,2.0,0.0,0.371,"gcp, sql, spark"
"airflow, ci/cd, flask, git, java, linux","aws, ci/cd, flask, kubernetes, pytorch",1.0,4.3,2.0,0.0,0.479,"airflow, git, java, linux"
"airflow, git, hadoop, kubernetes, pytorch, tableau","django, etl, flask, git, graphql, spark",3.0,2.8,1.0,0.0,0.394,"airflow, hadoop, kubernetes, pytorch, tableau"
"azure, excel, hadoop, spark, tableau, tensorflow","aws, java, javascript, pytorch, python, r, scikit-learn, tensorflow, typescript",1.0,4.9,1.0,1.0,0.397,"azure, excel, hadoop, spark, tableau"
"ci/cd, docker, etl, gcp, hadoop, pandas, power bi, spark","airflow, etl, gcp, git, numpy, pandas, sql, spark, tensorflow",1.0,3.8,4.0,0.0,0.664,"ci/cd, docker, hadoop, power bi"
"airflow, azure, docker, etl, java, linux, python","django, gcp, javascript, r, tableau, tensorflow",1.0,4.7,0.0,0.0,0.291,"airflow, azure, docker, etl, java, linux, python"
"aws, azure, excel, graphql, tableau, tensorflow","airflow, django, etl, gcp, rest, scikit-learn, typescript",1.0,5.4,0.0,1.0,0.312,"aws, azure, excel, graphql, tableau, tensorflow"
"excel, gcp, graphql, hadoop, java, numpy, pandas, r","django, docker, excel, git, hadoop",2.0,2.8,2.0,1.0,0.494,"gcp, graphql, java, numpy, pandas, r"
"aws, airflow, azure, git, java, spark","airflow, hadoop, pandas, tableau",1.0,2.8,1.0,0.0,0.334,"aws, azure, git, java, spark"
"aws, azure, ci/cd, pytorch, python","azure, gcp, linux, power bi, tableau, typescript",1.0,5.5,1.0,1.0,0.415,"aws, ci/cd, pytorch, python"
"azure, docker, etl, excel, flask, power bi, rest, sql","excel, java, power bi, rest",1.0,3.7,3.0,1.0,0.561,"azure, docker, etl, flask, sql"
"azure, etl, hadoop, kubernetes, pandas, scikit-learn, spark","aws, azure, javascript, power bi, python, r, react, tableau",1.0,6.9,1.0,1.0,0.457,"etl, hadoop, kubernetes, pandas, scikit-learn, spark"
"excel, graphql, node.js, numpy, tensorflow","aws, ci/cd, django, flask, gcp, git, java, node.js, pandas, react",1.0,4.5,1.0,1.0,0.385,"excel, graphql, numpy, tensorflow"
"airflow, git, java, node.js, python, tensorflow","etl, numpy, python, react, tableau",2.0,4.3,1.0,1.0,0.439,"airflow, git, java, node.js, tensorflow"
"airflow, ci/cd, django, javascript, pandas, react","aws, ci/cd, excel, gcp, graphql, python, react, typescript",1.0,0.0,2.0,0.0,0.35,"airflow, django, javascript, pandas"
"django, graphql, react, scikit-learn, tableau, typescript","docker, gcp, java, node.js, tensorflow",1.0,4.9,0.0,0.0,0.297,"django, graphql, react, scikit-learn, tableau, typescript"
"flask, gcp, git, linux, rest, sql, spark","aws, javascript, power bi, pytorch, react, scikit-learn, spark, tableau",2.0,4.6,1.0,0.0,0.448,"flask, gcp, git, linux, rest, sql"
"ci/cd, docker, node.js, pandas, power bi, rest, tableau, typescript","django, excel, git, java, kubernetes, react, tableau",2.0,6.1,1.0,0.0,0.493,"ci/cd, docker, node.js, pandas, power bi, rest, typescript"
"azure, ci/cd, gcp, graphql, linux, spark, tensorflow","etl, kubernetes, pandas, power bi, pytorch, tableau",1.0,1.9,0.0,0.0,0.207,"azure, ci/cd, gcp, graphql, linux, spark, tensorflow"
"aws, flask, git, java, linux, numpy, rest, typescript","docker, etl, pandas, sql, scikit-learn, tensorflow",1.0,5.9,0.0,1.0,0.327,"aws, flask, git, java, linux, numpy, rest, typescript"
"flask, node.js, numpy, power bi, rest, tableau","flask, java, kubernetes, python",1.0,4.6,1.0,0.0,0.388,"node.js, numpy, power bi, rest, tableau"
"airflow, azure, etl, flask, gcp, hadoop, pandas, pytorch","airflow, ci/cd, django, excel, gcp, graphql, kubernetes, linux",2.0,2.6,2.0,1.0,0.488,"azure, etl, flask, hadoop, pandas, pytorch"
"django, docker, flask, java, node.js, pandas, python, tableau","azure, hadoop, numpy, pytorch, r, spark",1.0,4.3,0.0,0.0,0.279,"django, docker, flask, java, node.js, pandas, python, tableau"
"kubernetes, sql, scikit-learn, tensorflow, typescript","flask, git, graphql, javascript, kubernetes, tensorflow",2.0,7.1,2.0,1.0,0.623,"sql, scikit-learn, typescript"
"aws, graphql, hadoop, r, spark","aws, azure, django, gcp, hadoop, java, node.js, react, sql, scikit-learn",2.0,4.5,2.0,1.0,0.545,"graphql, r, spark"
"azure, docker, javascript, kubernetes, linux, r, typescript","docker, git, java, linux, numpy, python, rest, react, tableau",0.0,4.0,2.0,1.0,0.47,"azure, javascript, kubernetes, r, typescript"
"azure, ci/cd, excel, node.js, power bi, r, spark","ci/cd, javascript, linux, pandas, power bi, rest, tensorflow, typescript",2.0,7.2,2.0,1.0,0.626,"azure, excel, node.js, r, spark"
"airflow, docker, graphql, r, spark, tensorflow","ci/cd, flask, graphql, java, python, react, tableau",2.0,8.6,1.0,0.0,0.568,"airflow, docker, r, spark, tensorflow"
"ci/cd, etl, flask, gcp, graphql, kubernetes","aws, airflow, graphql, javascript, linux, power bi, pytorch, r, sql, typescript",1.0,4.0,1.0,0.0,0.37,"ci/cd, etl, flask, gcp, kubernetes"
"etl, git, graphql, javascript, power bi, r","azure, git, hadoop, node.js, power bi, sql, spark",3.0,4.0,2.0,0.0,0.53,"etl, graphql, javascript, r"
"docker, git, kubernetes, pandas, rest, tableau, tensorflow","aws, flask, pytorch, python, rest",1.0,2.5,1.0,0.0,0.325,"docker, git, kubernetes, pandas, tableau, tensorflow"
"django, docker, excel, flask, git, tableau, typescript","airflow, javascript, numpy, rest",1.0,5.4,0.0,0.0,0.312,"django, docker, excel, flask, git, tableau, typescript"
"etl, flask, javascript, kubernetes, node.js, tableau, tensorflow","ci/cd, gcp, javascript, python, react, typescript",1.0,3.4,1.0,0.0,0.352,"etl, flask, kubernetes, node.js, tableau, tensorflow"
"docker, javascript, kubernetes, r, sql, tensorflow","ci/cd, django, excel, pandas, typescript",1.0,4.1,0.0,1.0,0.273,"docker, javascript, kubernetes, r, sql, tensorflow"
"aws, gcp, graphql, node.js, pytorch, python, r","airflow, ci/cd, etl, git, graphql, javascript",1.0,3.5,1.0,0.0,0.355,"aws, gcp, node.js, pytorch, python, r"
"docker, excel, flask, git, graphql, hadoop, pytorch, rest","aws, airflow, excel, gcp, java, linux, r, scikit-learn",1.0,6.9,1.0,1.0,0.457,"docker, flask, git, graphql, hadoop, pytorch, rest"
"django, flask, graphql, javascript, pytorch, react, typescript","azure, ci/cd, django, gcp, hadoop, javascript, linux, scikit-learn, tableau",1.0,6.9,2.0,1.0,0.557,"flask, graphql, pytorch, react, typescript"
"docker, etl, gcp, graphql, node.js, python, spark, tableau","django, hadoop, kubernetes, linux, node.js, pytorch, scikit-learn, spark",1.0,2.1,2.0,1.0,0.413,"docker, etl, gcp, graphql, python, tableau"
"flask, hadoop, java, javascript, pytorch, python, spark","airflow, etl, flask, java, javascript, linux, node.js, tableau",2.0,4.8,3.0,1.0,0.654,"hadoop, pytorch, python, spark"
"flask, gcp, javascript, spark, typescript","aws, airflow, gcp, javascript, pytorch, rest, react, spark",3.0,2.6,3.0,1.0,0.588,"flask, typescript"
"airflow, etl, flask, graphql, pytorch, scikit-learn","django, excel, gcp, git, pandas, rest, react, scikit-learn, tensorflow",1.0,4.1,1.0,0.0,0.373,"airflow, etl, flask, graphql, pytorch"
"azure, django, graphql, r, rest","airflow, pandas, power bi, pytorch, sql, scikit-learn, spark, tensorflow",3.0,2.4,0.0,1.0,0.282,"azure, django, graphql, r, rest"
"etl, git, javascript, numpy, pandas, pytorch","flask, graphql, javascript, node.js, numpy, pytorch",1.0,0.0,3.0,0.0,0.45,"etl, git, pandas"
"etl, git, kubernetes, linux, pandas, r, scikit-learn, spark","azure, java, pandas, react, scikit-learn",2.0,4.4,2.0,0.0,0.542,"etl, git, kubernetes, linux, r, spark"
"django, etl, hadoop, power bi, pytorch, typescript","aws, ci/cd, flask, hadoop, tableau, tensorflow",1.0,7.5,1.0,1.0,0.475,"django, etl, power bi, pytorch, typescript"
"ci/cd, docker, python, react, spark, tensorflow","excel, git, graphql, node.js, numpy, sql, tensorflow",2.0,5.7,1.0,1.0,0.481,"ci/cd, docker, python, react, spark"
"airflow, gcp, hadoop, power bi, python, r","django, etl, graphql, kubernetes, power bi",1.0,3.8,1.0,0.0,0.364,"airflow, gcp, hadoop, python, r"
"django, power bi, r, react, spark","aws, airflow, django, etl, excel, hadoop, javascript, sql, scikit-learn, tensorflow",2.0,1.5,1.0,0.0,0.355,"power bi, r, react, spark"
"ci/cd, docker, etl, java, numpy, rest, react","aws, excel, flask, javascript, kubernetes, power bi, pytorch, rest, scikit-learn, typescript",1.0,1.7,1.0,0.0,0.301,"ci/cd, docker, etl, java, numpy, react"
"django, excel, graphql, linux, numpy, pytorch, tableau","aws, azure, django, excel, gcp, linux, node.js, pandas",1.0,5.9,3.0,0.0,0.627,"graphql, numpy, pytorch, tableau"
"docker, node.js, numpy, pytorch, scikit-learn, spark, tensorflow, typescript","django, git, react, sql",1.0,0.1,0.0,0.0,0.153,"docker, node.js, numpy, pytorch, scikit-learn, spark, tensorflow, typescript"
"airflow, git, hadoop, numpy, pandas, scikit-learn, tableau, typescript","django, excel, flask, gcp, javascript, node.js, typescript",2.0,3.3,1.0,0.0,0.409,"airflow, git, hadoop, numpy, pandas, scikit-learn, tableau"
"etl, excel, gcp, pytorch, r, scikit-learn","aws, ci/cd, graphql, tableau, tensorflow",1.0,4.5,0.0,0.0,0.285,"etl, excel, gcp, pytorch, r, scikit-learn"
"airflow, java, pytorch, rest, sql","django, flask, linux, pandas, power bi, pytorch, python, sql, tableau",2.0,0.6,2.0,1.0,0.428,"airflow, java, rest"
"azure, ci/cd, excel, flask, node.js, scikit-learn, spark","aws, azure, ci/cd, etl, gcp, git, java, linux, power bi, rest",1.0,1.2,2.0,1.0,0.386,"excel, flask, node.js, scikit-learn, spark"
"aws, ci/cd, flask, javascript, python, tensorflow, typescript","airflow, django, flask, git, java, numpy, rest",1.0,3.0,1.0,0.0,0.34,"aws, ci/cd, javascript, python, tensorflow, typescript"
"etl, graphql, javascript, kubernetes, pandas, react","python, react, tableau, typescript",3.0,2.9,1.0,0.0,0.397,"etl, graphql, javascript, kubernetes, pandas"
"azure, flask, numpy, pandas, react, scikit-learn, typescript","airflow, etl, graphql, hadoop, java, r, react, tableau, tensorflow",1.0,3.0,1.0,0.0,0.34,"azure, flask, numpy, pandas, scikit-learn, typescript"
"ci/cd, docker, gcp, node.js, python, r, spark","java, numpy, power bi, python, scikit-learn, spark",3.0,3.4,2.0,0.0,0.512,"ci/cd, docker, gcp, node.js, r"
"airflow, excel, numpy, pandas, sql, scikit-learn, spark","excel, kubernetes, node.js, rest, sql, typescript",1.0,7.1,2.0,1.0,0.563,"airflow, numpy, pandas, scikit-learn, spark"
"etl, git, graphql, numpy, pandas, pytorch, r, spark","django, hadoop, numpy, react",1.0,3.9,1.0,0.0,0.367,"etl, git, graphql, pandas, pytorch, r, spark"
"git, java, kubernetes, node.js, numpy, sql, tableau, typescript","ci/cd, excel, gcp, kubernetes, numpy, python",2.0,1.3,2.0,1.0,0.449,"git, java, node.js, sql, tableau, typescript"
"docker, gcp, javascript, numpy, r","azure, docker, pandas, scikit-learn",1.0,3.4,1.0,0.0,0.352,"gcp, javascript, numpy, r"
"aws, django, hadoop, kubernetes, linux, r, tableau","aws, flask, git, hadoop, javascript, numpy, python, sql, tensorflow",1.0,2.9,2.0,0.0,0.437,"django, kubernetes, linux, r, tableau"
"azure, ci/cd, hadoop, linux, node.js, power bi","django, hadoop, java, javascript, power bi, python, rest",1.0,5.0,2.0,0.0,0.5,"azure, ci/cd, linux, node.js"
"django, etl, git, java, linux, node.js, r, react","azure, graphql, hadoop, javascript, node.js, pandas, spark",2.0,5.9,1.0,1.0,0.487,"django, etl, git, java, linux, r, react"
"django, excel, gcp, java, power bi, rest, tensorflow","docker, git, kubernetes, power bi, pytorch, python, r, scikit-learn, tensorflow, typescript",1.0,3.6,2.0,0.0,0.458,"django, excel, gcp, java, rest"
"ci/cd, javascript, linux, pandas, pytorch, python, react, scikit-learn","excel, rest, sql, spark",1.0,0.8,0.0,0.0,0.174,"ci/cd, javascript, linux, pandas, pytorch, python, react, scikit-learn"
"ci/cd, docker, flask, node.js, react, typescript","airflow, ci/cd, numpy, pytorch, spark, tensorflow, typescript",1.0,3.6,2.0,0.0,0.458,"docker, flask, node.js, react"
"aws, airflow, etl, hadoop, javascript, scikit-learn, spark","flask, gcp, linux, numpy, pandas, pytorch",1.0,5.1,0.0,1.0,0.303,"aws, airflow, etl, hadoop, javascript, scikit-learn, spark"
"azure, ci/cd, flask, javascript, kubernetes, pandas, rest","docker, etl, git, java, javascript, pandas, pytorch",2.0,8.2,2.0,1.0,0.656,"azure, ci/cd, flask, kubernetes, rest"
"aws, ci/cd, gcp, git, kubernetes, rest, react","etl, graphql, hadoop, pytorch",2.0,3.8,0.0,0.0,0.324,"aws, ci/cd, gcp, git, kubernetes, rest, react"
"aws, airflow, numpy, sql, spark","aws, java, numpy, power bi",1.0,4.0,2.0,0.0,0.47,"airflow, sql, spark"
"azure, ci/cd, pytorch, r, sql, spark, typescript","azure, ci/cd, kubernetes, numpy, pandas, python, tensorflow",2.0,3.9,2.0,0.0,0.527,"pytorch, r, sql, spark, typescript"
"aws, azure, etl, flask, java, node.js, power bi, python","azure, ci/cd, docker, pytorch",2.0,2.1,1.0,0.0,0.373,"aws, etl, flask, java, node.js, power bi, python"
"airflow, ci/cd, gcp, kubernetes, numpy, rest, tableau, tensorflow","git, power bi, spark, tableau",2.0,1.8,1.0,0.0,0.364,"airflow, ci/cd, gcp, kubernetes, numpy, rest, tensorflow"
"flask, git, graphql, javascript, scikit-learn","excel, scikit-learn, spark, typescript",1.0,5.1,1.0,1.0,0.403,"flask, git, graphql, javascript"
"aws, ci/cd, docker, etl, flask, linux, power bi","airflow, excel, java, javascript, power bi, scikit-learn, typescript",2.0,2.6,1.0,0.0,0.388,"aws, ci/cd, docker, etl, flask, linux"
"aws, ci/cd, django, etl, hadoop, python, rest, typescript","airflow, django, hadoop, java, node.js, r, rest, spark, tensorflow",1.0,1.9,3.0,1.0,0.507,"aws, ci/cd, etl, python, typescript"
"ci/cd, django, pytorch, rest, react, scikit-learn","excel, node.js, power bi, sql, spark, tensorflow",1.0,0.5,0.0,0.0,0.165,"ci/cd, django, pytorch, rest, react, scikit-learn"
"airflow, etl, excel, gcp, r, scikit-learn, spark, tensorflow","docker, git, numpy, rest, scikit-learn, tableau, tensorflow",1.0,0.0,2.0,1.0,0.35,"airflow, etl, excel, gcp, r, spark"
"django, flask, graphql, python, typescript","excel, gcp, graphql, hadoop, java, kubernetes, node.js, rest, typescript",2.0,1.6,2.0,1.0,0.458,"django, flask, python"
"azure, django, hadoop, r, react, scikit-learn, tensorflow, typescript","django, docker, flask, linux, numpy, tensorflow, typescript",2.0,3.6,3.0,1.0,0.618,"azure, hadoop, r, react, scikit-learn"
"ci/cd, etl, excel, linux, scikit-learn, spark","django, pytorch, r, scikit-learn, tableau",1.0,1.5,1.0,0.0,0.295,"ci/cd, etl, excel, linux, spark"
"docker, java, javascript, node.js, rest, sql, tensorflow","docker, git, hadoop, java, linux, python, r, spark",1.0,0.0,2.0,0.0,0.35,"javascript, node.js, rest, sql, tensorflow"
"airflow, ci/cd, graphql, power bi, sql, scikit-learn, spark","airflow, flask, hadoop, kubernetes, react, spark",2.0,1.2,2.0,0.0,0.446,"ci/cd, graphql, power bi, sql, scikit-learn"
"azure, ci/cd, django, javascript, react, spark, typescript","gcp, hadoop, node.js, pytorch, spark",2.0,4.4,1.0,0.0,0.442,"azure, ci/cd, django, javascript, react, typescript"
"docker, excel, git, java, javascript, python, r, rest","aws, hadoop, node.js, numpy, scikit-learn, spark, typescript",1.0,3.0,0.0,0.0,0.24,"docker, excel, git, java, javascript, python, r, rest"
"django, git, java, numpy, rest, sql, tableau","aws, ci/cd, excel, kubernetes, linux, react, tableau, tensorflow",1.0,1.5,1.0,0.0,0.295,"django, git, java, numpy, rest, sql"
"flask, power bi, python, rest, tableau","azure, ci/cd, flask, git, graphql, linux, node.js, numpy, pytorch, tableau",1.0,3.3,2.0,1.0,0.449,"power bi, python, rest"
"excel, flask, git, graphql, numpy, pandas, python","azure, django, graphql, linux",1.0,1.9,1.0,0.0,0.307,"excel, flask, git, numpy, pandas, python"
"ci/cd, docker, flask, git, hadoop, java, scikit-learn","airflow, graphql, pytorch, python, rest, tableau",2.0,1.7,0.0,0.0,0.261,"ci/cd, docker, flask, git, hadoop, java, scikit-learn"
"airflow, excel, pytorch, rest, spark","git, node.js, numpy, python, tableau",2.0,4.0,0.0,0.0,0.33,"airflow, excel, pytorch, rest, spark"
"ci/cd, gcp, hadoop, javascript, kubernetes, node.js, python, typescript","django, gcp, graphql, hadoop",2.0,3.6,2.0,1.0,0.518,"ci/cd, javascript, kubernetes, node.js, python, typescript"
"etl, graphql, java, node.js, sql, spark, tensorflow","graphql, kubernetes, python, rest, react",1.0,3.1,1.0,0.0,0.343,"etl, java, node.js, sql, spark, tensorflow"
"etl, java, javascript, power bi, pytorch, rest, spark","airflow, django, etl, gcp, hadoop, javascript, power bi, react, scikit-learn",1.0,1.2,3.0,1.0,0.486,"java, pytorch, rest, spark"
"airflow, ci/cd, django, javascript, r, spark","etl, javascript, linux, r, sql",2.0,5.0,2.0,1.0,0.56,"airflow, ci/cd, django, spark"
"ci/cd, django, excel, gcp, graphql, power bi, tableau","azure, javascript, kubernetes, power bi, r, spark, tensorflow",1.0,7.6,1.0,1.0,0.478,"ci/cd, django, excel, gcp, graphql, tableau"
"numpy, power bi, python, spark, tensorflow","django, docker, git, hadoop, kubernetes, linux, node.js, python, rest, sql",3.0,3.1,1.0,0.0,0.403,"numpy, power bi, spark, tensorflow"
"flask, graphql, javascript, numpy, rest, typescript","aws, graphql, javascript, node.js, rest, tableau",2.0,3.4,3.0,0.0,0.612,"flask, numpy, typescript"
"etl, graphql, numpy, r, react, tableau","azure, ci/cd, docker, pandas, power bi, python, spark",2.0,4.8,0.0,1.0,0.354,"etl, graphql, numpy, r, react, tableau"
"git, linux, power bi, python, react, sql","azure, git, java, linux, node.js, r",3.0,5.5,2.0,1.0,0.575,"power bi, python, react, sql"
"hadoop, javascript, node.js, pytorch, react","gcp, javascript, kubernetes, react, typescript",2.0,2.1,2.0,0.0,0.473,"hadoop, node.js, pytorch"
"etl, kubernetes, rest, sql, spark","ci/cd, docker, flask, hadoop, rest, react, tableau",1.0,2.7,1.0,0.0,0.331,"etl, kubernetes, sql, spark"
"excel, flask, gcp, kubernetes, python","airflow, excel, gcp, numpy, rest, sql, spark, tensorflow",1.0,6.1,2.0,0.0,0.533,"flask, kubernetes, python"
"azure, graphql, javascript, kubernetes, react, typescript","aws, airflow, django, hadoop, java, javascript, power bi, pytorch, python",1.0,3.9,1.0,0.0,0.367,"azure, graphql, kubernetes, react, typescript"
"azure, java, pandas, pytorch, scikit-learn","airflow, gcp, graphql, linux, python, react, spark",3.0,1.0,0.0,0.0,0.24,"azure, java, pandas, pytorch, scikit-learn"
"flask, gcp, hadoop, linux, node.js, scikit-learn, tensorflow","azure, django, java, kubernetes, python",1.0,0.0,0.0,0.0,0.15,"flask, gcp, hadoop, linux, node.js, scikit-learn, tensorflow"
"hadoop, javascript, rest, react, scikit-learn, tableau","azure, django, git, graphql, hadoop, java, power bi, react, sql, scikit-learn",0.0,2.9,3.0,0.0,0.537,"javascript, rest, tableau"
"aws, excel, javascript, power bi, scikit-learn, tableau, tensorflow","graphql, linux, pytorch, python, rest, react, sql",2.0,0.6,0.0,0.0,0.228,"aws, excel, javascript, power bi, scikit-learn, tableau, tensorflow"
"docker, gcp, linux, numpy, sql, spark","ci/cd, docker, etl, flask, linux, pytorch",1.0,0.4,2.0,1.0,0.362,"gcp, numpy, sql, spark"
"excel, gcp, linux, node.js, scikit-learn, tableau","django, etl, kubernetes, pytorch",1.0,5.2,0.0,1.0,0.306,"excel, gcp, linux, node.js, scikit-learn, tableau"
"django, gcp, hadoop, python, react, sql","airflow, azure, excel, pytorch, r, spark, tableau",2.0,3.1,0.0,1.0,0.303,"django, gcp, hadoop, python, react, sql"
"aws, azure, linux, numpy, sql, tableau","azure, ci/cd, django, etl, flask, power bi, spark",3.0,6.1,1.0,1.0,0.493,"aws, linux, numpy, sql, tableau"
"django, excel, hadoop, linux, tensorflow","airflow, azure, django, git, kubernetes, r, sql, tensorflow",3.0,5.3,2.0,1.0,0.569,"excel, hadoop, linux"
"docker, etl, excel, flask, numpy, rest, scikit-learn","azure, etl, javascript, rest, react, sql",1.0,0.5,2.0,1.0,0.365,"docker, excel, flask, numpy, scikit-learn"
"git, javascript, kubernetes, linux, numpy, power bi, tableau, typescript","aws, airflow, ci/cd, django, docker, power bi, scikit-learn, tableau, typescript",2.0,6.7,3.0,1.0,0.711,"git, javascript, kubernetes, linux, numpy"
"airflow, java, kubernetes, power bi, python, react, tensorflow","airflow, docker, node.js, numpy, python, r, rest, react",1.0,1.2,3.0,0.0,0.486,"java, kubernetes, power bi, tensorflow"
"aws, ci/cd, django, etl, graphql","flask, gcp, graphql, kubernetes, linux, rest",1.0,0.1,1.0,1.0,0.253,"aws, ci/cd, django, etl"
"django, docker, flask, node.js, sql, spark","aws, airflow, azure, java, kubernetes, pytorch, react",1.0,2.5,0.0,0.0,0.225,"django, docker, flask, node.js, sql, spark"
"ci/cd, etl, graphql, numpy, pandas, python, rest","etl, power bi, python, r, spark",1.0,7.8,2.0,1.0,0.584,"ci/cd, graphql, numpy, pandas, rest"
"airflow, ci/cd, linux, power bi, pytorch","flask, git, graphql, linux, numpy, pytorch",1.0,3.0,2.0,1.0,0.44,"airflow, ci/cd, power bi"
"aws, ci/cd, java, power bi, tableau","aws, gcp, kubernetes, linux, pytorch, python, spark",1.0,4.2,1.0,1.0,0.376,"ci/cd, java, power bi, tableau"
"docker, numpy, rest, sql, scikit-learn, spark, tableau, typescript","airflow, ci/cd, docker, graphql, kubernetes, rest, react, sql, spark",2.0,1.9,4.0,1.0,0.667,"numpy, scikit-learn, tableau, typescript"
"azure, django, etl, excel, javascript, kubernetes, numpy, r","airflow, gcp, java, sql, tensorflow",1.0,0.9,0.0,0.0,0.177,"azure, django, etl, excel, javascript, kubernetes, numpy, r"
"airflow, excel, gcp, graphql, node.js, python, r, spark","airflow, etl, git, linux, node.js, rest",2.0,2.1,2.0,0.0,0.473,"excel, gcp, graphql, python, r, spark"
"airflow, node.js, numpy, rest, tensorflow","aws, azure, java, linux, pytorch, sql, tensorflow",1.0,4.9,1.0,0.0,0.397,"airflow, node.js, numpy, rest"
"aws, azure, git, graphql, kubernetes, rest","airflow, docker, pandas, power bi, r, typescript",1.0,0.0,0.0,0.0,0.15,"aws, azure, git, graphql, kubernetes, rest"
"hadoop, pandas, python, tableau, tensorflow","ci/cd, etl, flask, hadoop, power bi, python, react, scikit-learn, spark",1.0,3.9,2.0,1.0,0.467,"pandas, tableau, tensorflow"
"azure, flask, gcp, git, spark, tableau, tensorflow","aws, kubernetes, power bi, r",3.0,3.8,0.0,0.0,0.324,"azure, flask, gcp, git, spark, tableau, tensorflow"
"django, flask, python, react, tableau","aws, azure, flask, gcp, linux, python",1.0,3.7,2.0,0.0,0.461,"django, react, tableau"
"aws, docker, flask, graphql, kubernetes, react, sql, scikit-learn","git, power bi, pytorch, react, typescript",2.0,2.9,1.0,0.0,0.397,"aws, docker, flask, graphql, kubernetes, sql, scikit-learn"
"etl, hadoop, pytorch, rest, react, sql, tensorflow","aws, airflow, azure, node.js, rest, sql, tensorflow",2.0,3.7,3.0,1.0,0.621,"etl, hadoop, pytorch, react"
"aws, etl, java, power bi, r, spark","aws, docker, flask, graphql, javascript, linux, r, rest, react, typescript",2.0,2.5,2.0,1.0,0.485,"etl, java, power bi, spark"
"airflow, docker, hadoop, java, javascript, kubernetes, typescript","airflow, ci/cd, etl, gcp, pytorch, python, scikit-learn",1.0,2.2,1.0,0.0,0.316,"docker, hadoop, java, javascript, kubernetes, typescript"
"aws, azure, git, graphql, java, power bi","airflow, ci/cd, flask, kubernetes, pytorch, python, rest, tableau, tensorflow",2.0,4.4,0.0,0.0,0.342,"aws, azure, git, graphql, java, power bi"
"ci/cd, git, java, javascript, pandas, react, scikit-learn","ci/cd, django, etl, excel, flask, git, linux, node.js, pytorch, scikit-learn",3.0,3.2,3.0,0.0,0.606,"java, javascript, pandas, react"
"django, docker, excel, git, java, javascript, python, sql","airflow, docker, graphql, kubernetes, r, tableau, typescript",2.0,3.6,1.0,1.0,0.418,"django, excel, git, java, javascript, python, sql"
"git, hadoop, numpy, power bi, pytorch, python, r, typescript","etl, gcp, git, graphql, r, rest, tableau",2.0,3.2,2.0,0.0,0.506,"hadoop, numpy, power bi, pytorch, python, typescript"
"etl, kubernetes, linux, pandas, power bi, python, scikit-learn","airflow, ci/cd, django, flask, node.js, numpy, pytorch",1.0,4.8,0.0,0.0,0.294,"etl, kubernetes, linux, pandas, power bi, python, scikit-learn"
"etl, graphql, java, javascript, python, spark, tensorflow","airflow, etl, gcp, graphql, javascript, power bi, tableau",1.0,0.4,3.0,0.0,0.462,"java, python, spark, tensorflow"
"airflow, etl, pytorch, rest, sql, scikit-learn","docker, excel, gcp, numpy, power bi, rest, spark, tensorflow, typescript",2.0,4.0,1.0,1.0,0.43,"airflow, etl, pytorch, sql, scikit-learn"
"django, docker, etl, graphql, javascript, rest, scikit-learn, tableau","aws, docker, gcp, git, javascript, node.js, react, sql, tableau, tensorflow",2.0,3.7,3.0,1.0,0.621,"django, etl, graphql, rest, scikit-learn"
"airflow, ci/cd, graphql, python, sql","aws, docker, hadoop, kubernetes, numpy, pandas, sql, tableau",2.0,5.0,1.0,0.0,0.46,"airflow, ci/cd, graphql, python"
"azure, graphql, hadoop, pandas, scikit-learn, tensorflow","azure, excel, git, graphql, javascript, node.js",1.0,2.9,2.0,1.0,0.437,"hadoop, pandas, scikit-learn, tensorflow"
"airflow, django, gcp, power bi, rest, spark","etl, excel, gcp, java, r, sql",1.0,0.4,1.0,0.0,0.262,"airflow, django, power bi, rest, spark"
"docker, kubernetes, power bi, pytorch, tensorflow","ci/cd, django, etl, git, javascript, node.js, rest, sql, tableau",1.0,4.4,0.0,0.0,0.282,"docker, kubernetes, power bi, pytorch, tensorflow"
"flask, java, javascript, python, react, sql, spark, tensorflow","airflow, etl, flask, graphql, kubernetes, pytorch",1.0,1.5,1.0,0.0,0.295,"java, javascript, python, react, sql, spark, tensorflow"
"azure, ci/cd, docker, graphql, node.js, python, sql, tableau","gcp, graphql, javascript, numpy, power bi, python, rest",1.0,0.4,2.0,0.0,0.362,"azure, ci/cd, docker, node.js, sql, tableau"
"airflow, django, excel, linux, numpy, react, scikit-learn","aws, flask, git, graphql, javascript, linux, node.js, pytorch, typescript",1.0,2.7,1.0,0.0,0.331,"airflow, django, excel, numpy, react, scikit-learn"
"airflow, azure, excel, linux, pytorch, rest","airflow, azure, rest, scikit-learn",1.0,3.5,3.0,1.0,0.555,"excel, linux, pytorch"
"javascript, node.js, power bi, pytorch, typescript","ci/cd, docker, graphql, python",3.0,5.2,0.0,1.0,0.366,"javascript, node.js, power bi, pytorch, typescript"
"airflow, docker, pandas, python, rest, react, spark","azure, ci/cd, etl, java, python, spark",0.0,4.8,2.0,0.0,0.494,"airflow, docker, pandas, rest, react"
"docker, excel, flask, linux, scikit-learn","flask, gcp, hadoop, node.js, numpy, react, sql, tensorflow",3.0,1.7,1.0,0.0,0.361,"docker, excel, linux, scikit-learn"
"graphql, java, javascript, linux, rest, spark","graphql, linux, node.js, r, react, tensorflow, typescript",1.0,4.7,2.0,0.0,0.491,"java, javascript, rest, spark"
"aws, airflow, django, flask, kubernetes, r, sql","javascript, linux, react, typescript",2.0,0.0,0.0,1.0,0.21,"aws, airflow, django, flask, kubernetes, r, sql"
"azure, docker, hadoop, java, linux, sql, scikit-learn","flask, gcp, linux, node.js, power bi, r, rest, sql, spark, typescript",2.0,2.2,2.0,1.0,0.476,"azure, docker, hadoop, java, scikit-learn"
"docker, hadoop, kubernetes, numpy, rest, spark","docker, hadoop, kubernetes, linux, spark",0.0,0.0,4.0,1.0,0.55,"numpy, rest"
"gcp, graphql, hadoop, node.js, pandas, r, tensorflow, typescript","flask, java, linux, pandas, rest, sql",1.0,8.2,1.0,0.0,0.496,"gcp, graphql, hadoop, node.js, r, tensorflow, typescript"
"flask, linux, node.js, sql, spark, tableau","excel, git, graphql, node.js, pandas, r, tensorflow, typescript",3.0,1.7,1.0,1.0,0.361,"flask, linux, sql, spark, tableau"
"excel, graphql, java, pandas, typescript","aws, airflow, git, kubernetes, numpy, power bi, react, spark",0.0,2.1,0.0,0.0,0.213,"excel, graphql, java, pandas, typescript"
"aws, django, java, power bi, react, tensorflow","django, excel, git, graphql, hadoop, kubernetes, rest, scikit-learn",1.0,4.7,1.0,1.0,0.391,"aws, java, power bi, react, tensorflow"
"django, flask, git, javascript, numpy, python","django, excel, python, rest",1.0,6.2,2.0,1.0,0.536,"flask, git, javascript, numpy"
"excel, hadoop, linux, node.js, spark, typescript","git, python, react, tensorflow",2.0,1.0,0.0,0.0,0.24,"excel, hadoop, linux, node.js, spark, typescript"
"aws, airflow, azure, git, node.js, tensorflow","aws, airflow, azure, ci/cd, docker, hadoop, java, linux, numpy, tableau",2.0,3.5,3.0,1.0,0.615,"git, node.js, tensorflow"
"aws, airflow, gcp, node.js, react","azure, hadoop, java, pandas, r, rest, typescript",3.0,1.4,0.0,0.0,0.252,"aws, airflow, gcp, node.js, react"
"aws, azure, excel, git, graphql, pytorch, r","django, hadoop, linux, pandas, tensorflow",2.0,0.0,0.0,0.0,0.21,"aws, azure, excel, git, graphql, pytorch, r"
"java, javascript, pytorch, scikit-learn, tableau","airflow, ci/cd, django, hadoop, java, javascript, pandas, pytorch, rest",2.0,5.4,3.0,1.0,0.672,"scikit-learn, tableau"
"node.js, rest, react, sql, scikit-learn","excel, git, hadoop, java, kubernetes, numpy, pandas, react, scikit-learn, spark",1.0,5.2,2.0,0.0,0.506,"node.js, rest, sql"
"aws, airflow, django, flask, java, node.js, numpy","gcp, git, hadoop, javascript, linux, react, scikit-learn, typescript",1.0,2.0,0.0,0.0,0.21,"aws, airflow, django, flask, java, node.js, numpy"
"airflow, azure, excel, gcp, linux, tensorflow","docker, etl, flask, kubernetes, linux, pandas, r, rest, sql, typescript",1.0,4.1,1.0,0.0,0.373,"airflow, azure, excel, gcp, tensorflow"
"aws, graphql, javascript, numpy, python, spark, tableau, tensorflow","aws, django, docker, gcp, java, kubernetes, pandas, pytorch, react, typescript",1.0,6.9,1.0,0.0,0.457,"graphql, javascript, numpy, python, spark, tableau, tensorflow"
"airflow, etl, hadoop, pytorch, python, r, scikit-learn","airflow, azure, gcp, hadoop, kubernetes, rest",2.0,0.0,2.0,1.0,0.41,"etl, pytorch, python, r, scikit-learn"
"hadoop, pytorch, python, react, spark","ci/cd, django, docker, graphql, node.js, tableau, typescript",1.0,0.4,0.0,0.0,0.162,"hadoop, pytorch, python, react, spark"
"airflow, etl, java, javascript, kubernetes, r, sql, scikit-learn","etl, java, javascript, kubernetes, linux, numpy, pandas, spark, tensorflow, typescript",2.0,5.4,4.0,1.0,0.772,"airflow, r, sql, scikit-learn"
"azure, django, java, javascript, power bi, pytorch, tensorflow","django, git, linux, pandas, react, sql, scikit-learn",3.0,0.2,1.0,0.0,0.316,"azure, java, javascript, power bi, pytorch, tensorflow"
"excel, javascript, linux, numpy, react, tensorflow","excel, gcp, git, node.js, spark",1.0,2.8,1.0,1.0,0.334,"javascript, linux, numpy, react, tensorflow"
"etl, excel, node.js, numpy, sql","azure, ci/cd, docker, etl, java, linux, power bi, rest, sql, scikit-learn",1.0,6.5,2.0,1.0,0.545,"excel, node.js, numpy"
"ci/cd, gcp, git, power bi, rest, react","aws, airflow, flask, gcp, power bi, pytorch, typescript",2.0,4.2,2.0,0.0,0.536,"ci/cd, git, rest, react"
"airflow, azure, excel, graphql, react","azure, docker, node.js, pandas",3.0,2.8,1.0,1.0,0.394,"airflow, excel, graphql, react"
"airflow, graphql, node.js, pandas, power bi, sql, scikit-learn, tensorflow","ci/cd, etl, git, linux, pandas, python, react, scikit-learn, tableau, typescript",1.0,0.0,2.0,0.0,0.35,"airflow, graphql, node.js, power bi, sql, tensorflow"
"aws, flask, rest, react, typescript","ci/cd, docker, linux, pytorch, python, sql, typescript",0.0,1.2,1.0,1.0,0.286,"aws, flask, rest, react"
"airflow, azure, etl, hadoop, numpy, power bi, r, react","airflow, flask, linux, numpy, spark",1.0,3.2,2.0,1.0,0.446,"azure, etl, hadoop, power bi, r, react"
"azure, excel, javascript, kubernetes, linux","airflow, gcp, graphql, linux, r",2.0,5.1,1.0,0.0,0.463,"azure, excel, javascript, kubernetes"
"airflow, hadoop, javascript, r, tableau","aws, airflow, ci/cd, django, docker, graphql, java, javascript, pandas, spark",1.0,6.3,2.0,0.0,0.539,"hadoop, r, tableau"
"ci/cd, gcp, git, linux, pytorch, r","airflow, azure, docker, etl, java, kubernetes, linux, python, rest, react",1.0,4.9,1.0,1.0,0.397,"ci/cd, gcp, git, pytorch, r"
"aws, docker, excel, hadoop, numpy, pytorch, react, typescript","airflow, django, etl, gcp, graphql, java, javascript, scikit-learn, spark, tensorflow",1.0,9.7,0.0,1.0,0.441,"aws, docker, excel, hadoop, numpy, pytorch, react, typescript"
"airflow, git, javascript, node.js, pandas, pytorch, react, spark","aws, airflow, javascript, tensorflow",1.0,2.9,2.0,0.0,0.437,"git, node.js, pandas, pytorch, react, spark"
"graphql, node.js, r, spark, tableau, tensorflow","django, git, java, javascript, rest, tableau",2.0,5.0,1.0,0.0,0.46,"graphql, node.js, r, spark, tensorflow"
"aws, flask, gcp, graphql, rest, react, spark","flask, pandas, scikit-learn, tableau, typescript",1.0,2.1,1.0,0.0,0.313,"aws, gcp, graphql, rest, react, spark"
"etl, hadoop, java, linux, python","flask, graphql, node.js, r, sql",1.0,6.0,0.0,0.0,0.33,"etl, hadoop, java, linux, python"
"excel, gcp, javascript, kubernetes, linux, node.js, numpy, power bi","ci/cd, git, numpy, sql, tensorflow",1.0,0.0,1.0,0.0,0.25,"excel, gcp, javascript, kubernetes, linux, node.js, power bi"
"aws, django, graphql, java, power bi, pytorch, react, tableau","aws, docker, etl, gcp, javascript, power bi, scikit-learn, typescript",1.0,1.0,2.0,0.0,0.38,"django, graphql, java, pytorch, react, tableau"
"aws, flask, git, kubernetes, pandas, rest, tableau, typescript","git, javascript, kubernetes, linux, react, spark, typescript",2.0,4.5,3.0,0.0,0.645,"aws, flask, pandas, rest, tableau"
"aws, etl, kubernetes, python, r, scikit-learn, spark, tensorflow","aws, azure, ci/cd, django, docker, flask, gcp, java, react",2.0,0.6,1.0,1.0,0.328,"etl, kubernetes, python, r, scikit-learn, spark, tensorflow"
"aws, etl, python, react, tableau","azure, etl, flask, graphql, hadoop, java, kubernetes, scikit-learn, spark, tensorflow",1.0,3.7,1.0,1.0,0.361,"aws, python, react, tableau"
"etl, gcp, git, kubernetes, node.js, python, rest","excel, git, javascript, pandas, tensorflow",2.0,2.9,1.0,0.0,0.397,"etl, gcp, kubernetes, node.js, python, rest"
"aws, airflow, azure, etl, hadoop, java, spark","aws, etl, javascript, pytorch, rest, scikit-learn",1.0,5.8,2.0,0.0,0.524,"airflow, azure, hadoop, java, spark"
"azure, java, node.js, numpy, react, sql, scikit-learn, tableau","git, graphql, hadoop, numpy, power bi, python, sql, scikit-learn, typescript",0.0,1.7,3.0,1.0,0.501,"azure, java, node.js, react, tableau"
"airflow, django, excel, linux, node.js, pandas, rest, typescript","airflow, azure, django, flask, git, graphql, node.js, power bi, sql, tensorflow",1.0,4.2,3.0,1.0,0.576,"excel, linux, pandas, rest, typescript"
"ci/cd, java, kubernetes, node.js, numpy, scikit-learn, tensorflow","ci/cd, django, docker, excel, power bi",1.0,3.0,1.0,1.0,0.34,"java, kubernetes, node.js, numpy, scikit-learn, tensorflow"
"aws, azure, django, kubernetes, numpy, rest","django, docker, etl, hadoop, java, javascript, pandas, pytorch, tensorflow, typescript",1.0,2.4,1.0,0.0,0.322,"aws, azure, kubernetes, numpy, rest"
"azure, kubernetes, power bi, python, typescript","airflow, docker, node.js, python, r, scikit-learn",2.0,3.9,1.0,1.0,0.427,"azure, kubernetes, power bi, typescript"
"aws, airflow, kubernetes, node.js, r","airflow, flask, java, javascript, linux, power bi, scikit-learn, tableau",1.0,1.9,1.0,1.0,0.307,"aws, kubernetes, node.js, r"
"airflow, azure, gcp, git, java, pandas, react, typescript","aws, etl, hadoop, kubernetes, numpy, pandas, power bi, r, scikit-learn, typescript",1.0,6.0,2.0,1.0,0.53,"airflow, azure, gcp, git, java, react"
"etl, graphql, hadoop, power bi, r, typescript","excel, hadoop, python, spark, typescript",1.0,0.5,2.0,0.0,0.365,"etl, graphql, power bi, r"
"azure, etl, flask, pandas, spark","ci/cd, flask, gcp, git, java, numpy, tableau, tensorflow, typescript",1.0,3.0,1.0,1.0,0.34,"azure, etl, pandas, spark"
"airflow, ci/cd, excel, java, node.js, python, spark, tableau","ci/cd, django, docker, graphql, kubernetes, numpy, python, rest, spark, typescript",1.0,4.3,3.0,1.0,0.579,"airflow, excel, java, node.js, tableau"
"graphql, java, linux, power bi, sql, scikit-learn, tensorflow, typescript","docker, etl, excel, flask, node.js, power bi, rest, scikit-learn",1.0,4.8,2.0,0.0,0.494,"graphql, java, linux, sql, tensorflow, typescript"
"airflow, excel, javascript, node.js, pandas, react, spark, tensorflow","azure, django, flask, graphql, node.js, python, rest, react",2.0,5.1,2.0,0.0,0.563,"airflow, excel, javascript, pandas, spark, tensorflow"
"aws, airflow, django, docker, gcp, git, numpy","java, linux, pandas, sql, tensorflow, typescript",1.0,4.5,0.0,0.0,0.285,"aws, airflow, django, docker, gcp, git, numpy"
"azure, django, flask, git, hadoop, kubernetes","excel, git, javascript, linux, pandas, rest",1.0,4.1,1.0,0.0,0.373,"azure, django, flask, hadoop, kubernetes"
"ci/cd, hadoop, javascript, node.js, numpy, pandas, react, tableau","airflow, azure, git, java, power bi, pytorch, react, scikit-learn, tableau",2.0,4.3,2.0,0.0,0.539,"ci/cd, hadoop, javascript, node.js, numpy, pandas"
"docker, etl, excel, flask, hadoop, kubernetes, pytorch, r","etl, excel, git, java, kubernetes, numpy, pytorch, python, rest",3.0,3.9,4.0,1.0,0.727,"docker, flask, hadoop, r"
"kubernetes, node.js, numpy, rest, tableau, tensorflow","etl, git, graphql, node.js, pytorch, tensorflow, typescript",2.0,3.1,2.0,0.0,0.503,"kubernetes, numpy, rest, tableau"
"etl, flask, git, java, typescript","django, excel, node.js, react",2.0,5.2,0.0,0.0,0.366,"etl, flask, git, java, typescript"
"airflow, etl, power bi, r, scikit-learn, typescript","azure, django, etl, excel, gcp, sql",1.0,3.2,1.0,1.0,0.346,"airflow, power bi, r, scikit-learn, typescript"
"airflow, azure, gcp, node.js, power bi, react","aws, ci/cd, docker, flask, java, numpy, rest, scikit-learn, spark",0.0,5.4,0.0,0.0,0.312,"airflow, azure, gcp, node.js, power bi, react"
"docker, flask, git, rest, tensorflow","hadoop, kubernetes, node.js, r, rest, sql, scikit-learn",2.0,1.3,1.0,0.0,0.349,"docker, flask, git, tensorflow"
"django, etl, graphql, power bi, react, spark, tableau","aws, azure, etl, flask, javascript, kubernetes, numpy, rest, sql",2.0,5.0,1.0,1.0,0.46,"django, graphql, power bi, react, spark, tableau"
"django, hadoop, numpy, pandas, react, sql, scikit-learn, spark","django, java, r, rest, sql, spark, tensorflow",2.0,4.8,3.0,1.0,0.654,"hadoop, numpy, pandas, react, scikit-learn"
"azure, graphql, kubernetes, power bi, pytorch, rest","ci/cd, etl, graphql, hadoop, node.js, power bi, rest, react, scikit-learn, tableau",0.0,1.1,3.0,0.0,0.483,"azure, kubernetes, pytorch"
"azure, ci/cd, django, gcp, pytorch, rest, typescript","airflow, ci/cd, etl, git, kubernetes, linux, pytorch, rest, tensorflow, typescript",1.0,0.6,4.0,1.0,0.568,"azure, django, gcp"
"docker, git, power bi, python, sql, spark, tensorflow","ci/cd, graphql, javascript, linux, node.js, sql, spark, tensorflow, typescript",1.0,6.4,3.0,1.0,0.642,"docker, git, power bi, python"
"ci/cd, gcp, graphql, power bi, python","airflow, azure, django, javascript, numpy, power bi, r, rest, sql, tensorflow",2.0,4.6,1.0,0.0,0.448,"ci/cd, gcp, graphql, python"
"airflow, azure, ci/cd, docker, git, javascript, react, spark","django, etl, kubernetes, python, rest, scikit-learn, tableau",1.0,0.0,0.0,0.0,0.15,"airflow, azure, ci/cd, docker, git, javascript, react, spark"
"azure, docker, kubernetes, numpy, sql, spark","ci/cd, hadoop, java, javascript, rest, sql, scikit-learn",1.0,1.3,1.0,1.0,0.289,"azure, docker, kubernetes, numpy, spark"
"aws, django, hadoop, pandas, rest, react, spark","aws, airflow, azure, excel, java, linux, python, tableau",1.0,3.1,1.0,0.0,0.343,"django, hadoop, pandas, rest, react, spark"
"excel, gcp, graphql, javascript, numpy, rest, scikit-learn","javascript, linux, react, typescript",2.0,1.8,1.0,0.0,0.364,"excel, gcp, graphql, numpy, rest, scikit-learn"
"aws, ci/cd, gcp, numpy, pandas, rest, spark","azure, hadoop, kubernetes, rest",1.0,2.9,1.0,0.0,0.337,"aws, ci/cd, gcp, numpy, pandas, spark"
"aws, airflow, hadoop, numpy, pandas, tensorflow, typescript","airflow, docker, git, react, scikit-learn, spark",1.0,1.5,1.0,1.0,0.295,"aws, hadoop, numpy, pandas, tensorflow, typescript"
"graphql, javascript, kubernetes, linux, power bi, spark, tableau","ci/cd, django, gcp, numpy, pandas, r, spark, tableau",1.0,4.9,2.0,0.0,0.497,"graphql, javascript, kubernetes, linux, power bi"
"airflow, ci/cd, etl, flask, graphql, kubernetes, rest, react","aws, django, flask, graphql, kubernetes, linux, react, sql, spark, tensorflow",1.0,0.7,4.0,1.0,0.571,"airflow, ci/cd, etl, rest"
"etl, git, hadoop, javascript, linux","ci/cd, git, kubernetes, python, sql",3.0,5.3,1.0,1.0,0.469,"etl, hadoop, javascript, linux"
"aws, pytorch, r, react, tableau","aws, gcp, java, javascript, python, r, tensorflow",1.0,4.5,2.0,1.0,0.485,"pytorch, react, tableau"
"aws, ci/cd, etl, hadoop, javascript, linux, sql","flask, power bi, pytorch, tensorflow, typescript",2.0,0.8,0.0,0.0,0.234,"aws, ci/cd, etl, hadoop, javascript, linux, sql"
"airflow, etl, flask, graphql, linux, pytorch, sql, spark","etl, flask, kubernetes, pandas, react, sql, spark, typescript",1.0,4.3,4.0,0.0,0.679,"airflow, graphql, linux, pytorch"
"ci/cd, etl, graphql, kubernetes, r, scikit-learn, tensorflow, typescript","aws, excel, flask, tableau, typescript",1.0,4.4,1.0,0.0,0.382,"ci/cd, etl, graphql, kubernetes, r, scikit-learn, tensorflow"
"docker, git, javascript, node.js, pandas","excel, java, kubernetes, pandas, power bi, rest, spark, typescript",2.0,4.0,1.0,0.0,0.43,"docker, git, javascript, node.js"
"django, flask, git, hadoop, numpy, pytorch, rest","etl, gcp, java, kubernetes, numpy, pandas, pytorch, react, sql, tensorflow",1.0,4.9,2.0,0.0,0.497,"django, flask, git, hadoop, rest"
"django, excel, hadoop, javascript, pytorch, react, scikit-learn","aws, airflow, etl, java, power bi, python",1.0,4.7,0.0,1.0,0.291,"django, excel, hadoop, javascript, pytorch, react, scikit-learn"
"azure, node.js, pandas, python, spark, typescript","etl, excel, graphql, python, scikit-learn, spark",1.0,3.6,2.0,1.0,0.458,"azure, node.js, pandas, typescript"
"aws, django, etl, excel, java, node.js, power bi, spark","azure, ci/cd, gcp, pandas, pytorch, python, rest",1.0,3.7,0.0,0.0,0.261,"aws, django, etl, excel, java, node.js, power bi, spark"
"docker, etl, git, java, scikit-learn","java, linux, scikit-learn, tableau",2.0,4.5,2.0,0.0,0.545,"docker, etl, git"
"docker, etl, gcp, git, r, sql","docker, javascript, numpy, pytorch",1.0,5.2,1.0,0.0,0.406,"etl, gcp, git, r, sql"
"airflow, ci/cd, django, gcp, graphql, java, javascript, python","azure, django, etl, gcp, git, pytorch, r, scikit-learn, tensorflow, typescript",2.0,4.1,2.0,0.0,0.533,"airflow, ci/cd, graphql, java, javascript, python"
"git, hadoop, kubernetes, node.js, scikit-learn, tensorflow","django, flask, gcp, pytorch, rest",2.0,2.1,0.0,1.0,0.273,"git, hadoop, kubernetes, node.js, scikit-learn, tensorflow"
"django, flask, kubernetes, node.js, power bi, react, spark","azure, flask, java, node.js, scikit-learn, spark, typescript",2.0,3.9,3.0,1.0,0.627,"django, kubernetes, power bi, react"
"flask, hadoop, pytorch, rest, tableau","airflow, ci/cd, tableau, tensorflow",1.0,3.3,1.0,0.0,0.349,"flask, hadoop, pytorch, rest"
"ci/cd, django, etl, java, linux, power bi","airflow, excel, kubernetes, linux, pandas, r",1.0,3.2,1.0,1.0,0.346,"ci/cd, django, etl, java, power bi"
"excel, javascript, python, scikit-learn, spark, typescript","aws, airflow, azure, docker, git, javascript, power bi, react, spark, tensorflow",1.0,6.9,2.0,0.0,0.557,"excel, python, scikit-learn, typescript"
"aws, excel, pytorch, python, rest","airflow, docker, graphql, tensorflow",3.0,0.0,0.0,0.0,0.21,"aws, excel, pytorch, python, rest"
"ci/cd, docker, flask, graphql, hadoop, node.js, sql","airflow, gcp, git, hadoop, kubernetes, node.js, pandas, spark, typescript",1.0,7.0,2.0,0.0,0.56,"ci/cd, docker, flask, graphql, sql"
"etl, pandas, power bi, pytorch, sql, spark","airflow, git, linux, react",1.0,1.9,0.0,1.0,0.207,"etl, pandas, power bi, pytorch, sql, spark"
"azure, python, rest, scikit-learn, tensorflow","etl, numpy, rest, sql",2.0,3.1,1.0,0.0,0.403,"azure, python, scikit-learn, tensorflow"
"airflow, django, java, linux, react, typescript","airflow, hadoop, javascript, tableau, tensorflow, typescript",2.0,2.0,2.0,1.0,0.47,"django, java, linux, react"
"etl, kubernetes, pytorch, rest, sql, scikit-learn","ci/cd, pytorch, r, spark",2.0,3.0,1.0,0.0,0.4,"etl, kubernetes, rest, sql, scikit-learn"
"ci/cd, etl, gcp, javascript, kubernetes, node.js, r, rest","aws, ci/cd, docker, excel, javascript, power bi, pytorch, react, scikit-learn, spark",1.0,3.7,2.0,0.0,0.461,"etl, gcp, kubernetes, node.js, r, rest"
"airflow, docker, r, tableau, typescript","azure, django, excel, hadoop, java, javascript, kubernetes, power bi, sql, tableau",0.0,4.5,1.0,0.0,0.385,"airflow, docker, r, typescript"
"ci/cd, excel, gcp, hadoop, pandas, rest, sql","azure, docker, gcp, graphql, kubernetes, numpy, pytorch, typescript",2.0,4.8,1.0,0.0,0.454,"ci/cd, excel, hadoop, pandas, rest, sql"
"airflow, ci/cd, etl, gcp, pytorch, tableau, typescript","pandas, pytorch, rest, react, tableau",1.0,3.1,2.0,1.0,0.443,"airflow, ci/cd, etl, gcp, typescript"
"azure, ci/cd, docker, gcp, git, python","excel, numpy, pytorch, sql",1.0,2.0,0.0,0.0,0.21,"azure, ci/cd, docker, gcp, git, python"
"aws, django, flask, git, node.js","django, node.js, react, sql",1.0,3.7,2.0,0.0,0.461,"aws, flask, git"
"aws, azure, graphql, node.js, rest, tensorflow, typescript","airflow, etl, excel, flask, gcp, hadoop, kubernetes, sql, scikit-learn",1.0,6.2,0.0,0.0,0.336,"aws, azure, graphql, node.js, rest, tensorflow, typescript"
"excel, graphql, java, linux, react, sql, tableau","aws, docker, excel, flask",1.0,2.2,1.0,0.0,0.316,"graphql, java, linux, react, sql, tableau"
"airflow, azure, git, kubernetes, numpy, python, scikit-learn, tableau","airflow, azure, linux, node.js, numpy, rest, sql, spark, tableau",1.0,3.0,4.0,1.0,0.64,"git, kubernetes, python, scikit-learn"
"aws, azure, ci/cd, etl, graphql, kubernetes, spark","aws, airflow, django, etl, gcp, scikit-learn, tensorflow",2.0,2.7,2.0,0.0,0.491,"azure, ci/cd, graphql, kubernetes, spark"
"airflow, django, excel, graphql, hadoop, javascript, power bi, scikit-learn","git, java, linux, pandas, r",1.0,5.1,0.0,0.0,0.303,"airflow, django, excel, graphql, hadoop, javascript, power bi, scikit-learn"
"excel, git, graphql, kubernetes, pytorch, typescript","aws, etl, excel, graphql, pandas, sql, scikit-learn, tensorflow, typescript",1.0,3.4,3.0,0.0,0.552,"git, kubernetes, pytorch"
"etl, gcp, java, pytorch, rest, react, typescript","azure, git, java, javascript, kubernetes, scikit-learn, tableau",2.0,4.3,1.0,1.0,0.439,"etl, gcp, pytorch, rest, react, typescript"
"aws, airflow, excel, kubernetes, power bi, python, spark","docker, flask, hadoop, linux, pytorch, sql, scikit-learn, spark",3.0,0.5,1.0,0.0,0.325,"aws, airflow, excel, kubernetes, power bi, python"
"airflow, flask, gcp, hadoop, javascript, power bi, typescript","aws, gcp, kubernetes, pandas, react",1.0,3.4,1.0,0.0,0.352,"airflow, flask, hadoop, javascript, power bi, typescript"
"etl, hadoop, java, power bi, spark, typescript","airflow, django, excel, gcp, kubernetes, numpy, r, rest, tensorflow",1.0,0.0,0.0,0.0,0.15,"etl, hadoop, java, power bi, spark, typescript"
"airflow, etl, flask, graphql, hadoop, r, tensorflow","flask, hadoop, javascript, linux, pandas, pytorch, python",1.0,0.0,2.0,0.0,0.35,"airflow, etl, graphql, r, tensorflow"
"ci/cd, graphql, hadoop, python, react, scikit-learn","gcp, graphql, java, linux, power bi, python",2.0,7.6,2.0,0.0,0.638,"ci/cd, hadoop, react, scikit-learn"
"excel, flask, gcp, pandas, python","aws, ci/cd, tableau, tensorflow",1.0,1.6,0.0,0.0,0.198,"excel, flask, gcp, pandas, python"
